Aplicación,Empresa,Posicion,Fecha,url,Junta ARC,Canal_limpio,tipo_posicion,nivel
1,Idis,linked in referido ARC,2025-12-05,,1,LinkedIn,Otros,0
2,Amaris,linked in referido ARC,2025-12-05,,1,LinkedIn,Otros,0
3,Smilepill,linked in referido ARC,2025-12-05,,1,LinkedIn,Otros,0
4,Adam Milo ,linked in referido ARC,2025-12-05,,1,LinkedIn,Otros,0
5,Incode,linked in data search - greenhouse,2025-12-05,https://job-boards.greenhouse.io/incode/jobs/5675386004,2,Otros,Otros,0
6,ITJ ,Data Scientist ,2025-12-05,https://www.linkedin.com/jobs/view/4312154884/?eBP=CwEAAAGZ7wwVxEfeAh8Jr6_dIXcE43uKgTBKjwxqAbbSvgLlnKN0i-6L0ekboGQeOJN8Dw-Gj8n-gJKkuPv6ctX-WOJXcqx1G7M9Jg41mOVvhX18pc3R8ZsczARRofm922lWyHlf5QXAyMtGdnSRD7bqtr_zZTV6bipqWe3F2bPWRxQY7BIjAzwFTwD9NXKr5J-lkfylMtGzd8HE2W9xo25OaJxXcsz0GavkL5aeq5S_WeVeJIBMFZM6vbluyHqn1KycUjdFczUCZ9-m2cDBTYO7-kuFGA1ueCHSUM1UhGcRwRTF60As729B4SJoKsUW3QwAP6iG4gyRRDEouoZ8Zg1Z23-YGVEXg8g5stFKnTWJTNk2xJ6xuuqMs__Chhd857OINZKRCUVHJSfSOrbeMe4RC5z2MO02b06t0qarch6FawHzwgAoMal37OqsH0b9vv4uTrC-DbEjzZcFVrfPG_wo8ygDVskfbYYKzqP6&refId=BjcjPS77d9K9pKRDsiwnbQ%3D%3D&trackingId=lkR3ZtzArE0aBDWblaV%2BVA%3D%3D,2,LinkedIn,Data Scientist,0
7,ATOS,Data Scientist ,2025-12-05,Prashant.Tripathi@atos.net,2,LinkedIn,Data Scientist,0
8,Grupo Salinas,Científico de Datos Jr,2025-12-05,,2,CT,Data Scientist,1
9,Inavant,Científico de Datos ,2025-12-05,,2,CT,Data Scientist,0
10,Grupo Caliente,Científico de Datos,2025-12-05,,2,Glassdoor,Data Scientist,0
11,Encora,Data Scientist,2025-12-05,,2,Otros,Data Scientist,0
12,Concentrix ,Data Scientist ,2025-12-05,,2,LinkedIn,Data Scientist,0
13,capgemini,Data Scientist or Data Analyst,2025-12-05,,2,LinkedIn,Data Analyst,0
14,Tekton labs,Jr Data Analytics,2025-12-05,,2,LinkedIn,Data Analyst,1
15,Alten,Data Analyst & Coordination Jr,2025-12-05,,2,LinkedIn,Data Analyst,1
16,Packsys,Ingeniero de datos,2025-12-05,,2,Glassdoor,Data Engineer,0
17,Caliente Casino ,Científico de Datos ,2025-12-05,,3,Glassdoor,Data Scientist,0
18,Stefanini Latam,Data Scientist,2025-12-05,https://www.linkedin.com/jobs/search/?currentJobId=4317491449&keywords=bioanalytics&origin=BLENDED_SEARCH_RESULT_NAVIGATION_JOB_CARD&originToLandingJobPostings=4323903504%2C4298686692%2C,3,LinkedIn,Data Scientist,0
19,Steris,Intern,2025-12-05,https://career4.successfactors.com/portalcareer?_s.crb=L68gNJvSpDTCne22DyGkl9cCsq3rm77Iim12GBcCnh8%253d,3,LinkedIn,Otros,0
20,Sigma ,Practicante de Data Analytics,2025-12-05,https://www.linkedin.com/jobs/search/?currentJobId=4314518840&keywords=bioanalytics&origin=BLENDED_SEARCH_RESULT_NAVIGATION_JOB_CARD&originToLandingJobPostings=4323903504%2C4298686692%2C4323971974&start=25,3,LinkedIn,Data Analyst,0
21,Flister Reclutamiento Comercial ,Business Intelligence,2025-12-05,https://mx.indeed.com/viewjob?from=app-tracker-post_apply-appcard&hl=es&jk=86ca47744766d585&tk=1j8bpkcojmn7786m,3,Indeed,BI,0
22,Farmacias del ahorro,Científico de Datos y visualización,2025-12-05,https://fahorro.wd3.myworkdayjobs.com/es/oportunidades_fdahorro/userHome,3,Indeed,Data Scientist,0
23,Best Egg,Data Scientist,2025-12-05,https://jobs.lever.co/BestEgg/7d2cf121-74a3-4409-a116-96a070744d15/thanks,3,Otros,Data Scientist,0
24,Lindee,Data Analyst,2025-12-05,"https://www.linkedin.com/jobs/search/?currentJobId=4307916919&geoId=105701034&keywords=""Data%20Analyst""&origin=JOB_SEARCH_PAGE_SEARCH_BUTTON&refresh=true",3,LinkedIn,Data Analyst,0
25,Hone,Data Science intern. Healthcare and longevity. ,2025-12-05,https://job-boards.greenhouse.io/honehealth/jobs/4945568008/confirmation,3,LinkedIn,Data Scientist,0
26,Sigma ,Practicante de Ciencia de Datos,2025-12-05,https://www.linkedin.com/jobs/view/4319532084,3,LinkedIn,Data Scientist,0
27,Grupo Caliente,Analista de datos,2025-12-05,https://mx.computrabajo.com/trabajo-de-analista-de-datos-en-nuevo-leon#03538F50A83791CC61373E686DCF3405,3,CT,Data Analyst,0
28,E contact,Analista de datos,2025-12-05,https://mx.computrabajo.com/trabajo-de-datos-en-monterrey#59359C58CD2B2E1461373E686DCF3405,3,CT,Data Analyst,0
29,Artefact,Científico de datos jr ,2025-12-05,"https://www.linkedin.com/jobs/search/?currentJobId=4283427319&f_WT=2%2C3&geoId=92000000&keywords=""scientist""&origin=JOB_SEARCH_PAGE_SEARCH_BUTTON&refresh=true&spellCorrectionEnabled=true&start=25",3,LinkedIn,Data Scientist,1
30,CLEBER,Practicante de Desarrollo en Tableau ,2025-12-05,https://mx.smartapply.indeed.com/beta/indeedapply/form/review-module,3,Indeed,BI,0
31,Rackspace technologies,Data Engineer Trainee,2025-12-05,https://jobs.lever.co/rackspace/be8898d4-783d-400e-b25d-18784e273d11/apply,3,Otros,Data Engineer,0
32,Constructor,A/B testing and customer onboarding. ,2025-12-05,"https://www.glassdoor.com.mx/job-listing/data-analyst-ab-tests-and-customer-onboarding-remote-constructor-JV_KO0,52_KE53,64.htm?jl=1009883440664&cs=1_7b4c0e42&s=58&t=NS&pos=105&src=GD_JOB_AD&guid=0000019a32a356f79e13ec1bbcff3632&uido=A6C9677A21DE3AF98CE6FF54EB8626F6&jobListingId=1009883440664&ea=1&ao=1136043&vt=w&cb=1761786156978&ctt=1761786160516",3,Glassdoor,Otros,0
33,Insight Global,Data Scientist,2025-12-05,"https://www.linkedin.com/jobs/search/?currentJobId=4319115179&f_WT=2%2C3&geoId=92000000&keywords=""scientist""&origin=JOB_SEARCH_PAGE_SEARCH_BUTTON&refresh=true&spellCorrectionEnabled=true&start=100",3,LinkedIn,Data Scientist,0
36,Grupo Ti,Cientifico de Datos,2025-12-05,https://mx.computrabajo.com/trabajo-de-data-scientist#C6DB711FA4BB7C3261373E686DCF3405,3,CT,Data Scientist,0
37,Helicon,Analista de datos,2025-12-05,https://mx.indeed.com/?from=gnav-applymgt--app-tracker-webapp&vjk=303bb58b66316c28,3,Indeed,Data Analyst,0
40,Informática de América ,"PowerBI, SQL, Python ",2025-12-05,https://www.occ.com.mx/empleos/de-sql/en-nuevo-leon/?smax=30000&smin=20000,3,OCC,BI,0
41,Monterrey IT cluster,Analista de Gobierno de Datos Jr,2025-12-05,https://www.occ.com.mx/empleos/de-sql/en-nuevo-leon/?smax=30000&smin=20000&page=2&jobid=20807811,3,OCC,Data Analyst,1
43,daltile,Ingeniero de mantenimiento predictivo de datos,2025-12-05,https://www.occ.com.mx/empleos/de-sql/en-nuevo-leon/?smax=30000&smin=20000&page=5&jobid=20747826,3,OCC,Data Engineer,0
44,improvado ,Analyst Jr,2025-12-05,"https://www.linkedin.com/jobs/search/?currentJobId=4334552263&geoId=105701034&keywords=""data%20scientist""%20&origin=JOB_SEARCH_PAGE_LOCATION_AUTOCOMPLETE&refresh=true",3,LinkedIn,Data Analyst,1
45,Remoto workforce,Data Analyst,2025-12-05,https://www.linkedin.com/jobs/collections/hiring-in-network/?currentJobId=4334451319&originToLandingJobPostings=4337723997%2C4316359205%2C4312344857,3,LinkedIn,Data Analyst,0
46,Thermofisher,Associate Patient Data Specialist,2025-12-05,https://jobs.thermofisher.com/global/en/job/R-01322182/Associate-Patient-Data-Specialist?rx_ch=jobpost&rx_id=27c16dca-b41b-11f0-b7ab-1f1305eec847&rx_job=R-01322182_rxr-1&rx_medium=post&rx_paid=0&rx_r=none&rx_source=linkedin&rx_ts=20251106T024003Z&rx_vp=linkedindirectindex&utm_medium=post&utm_source=recruitics_linkedindirectindex&refId=34jd24&rx_viewer=19b926969a9e11f0bab0519aba7cb30fbcb9baffaa004f5e900c0dd1a7e39bf0,3,LinkedIn,Data Analyst,0
47,Nielsen IQ,Data Scientist - Intern,2025-12-05,https://www.linkedin.com/jobs/view/4320714412/?refId=VfnaOShJT0ucAQIKyQIjhA%3D%3D&trackingId=HL%2FfpXHsT%2BST%2Bn%2Bgv6fO8Q%3D%3D,3,LinkedIn,Data Scientist,0
48,Randstand,Data Engineer Jr.,2025-12-05,https://www.linkedin.com/jobs/view/4340082946/post-apply/default/?postApplyJobId=4340082946&refId=X%2FolXbbdty%2BQyCMQ33%2FQWg%3D%3D&trackingId=X%2FolXbbdty%2BQyCMQ33%2FQWg%3D%3D,3,LinkedIn,Data Engineer,1
49,Genestack ltd,Scientific Data Curator,2025-12-05,https://torre.ai/post/OwGXgV3d-genestack-ltd-scientific-data-curator?t=1762977827996&r=CvM7NtCW,3,Otros,Otros,0
50,Thermofisher,Associate Patient Data Specialist,2025-12-05,https://www.linkedin.com/jobs/collections/recommended/?currentJobId=4318944847,3,LinkedIn,Data Analyst,0
51,UNOSQUARE!!,Data Engineer Jr.,2025-12-05,"Post, Jaqueline Chavez; le mandé el CV",3,LinkedIn,Data Engineer,1
53,Hector Sosa,Data AI engineer,2025-12-05,,3,LinkedIn,Data Engineer,0
54,E connect,Cientifico de Datos,2025-12-05,https://mx.computrabajo.com/trabajo-de-analista-de-datos-en-nuevo-leon#BB13120EE2E29A2561373E686DCF3405,3,CT,Data Scientist,0
55,Sigma,Analista de bases de datos,2025-12-05,https://www.linkedin.com/jobs/collections/recommended/?currentJobId=4321219290,3,LinkedIn,Data Analyst,0
56,Banregio,Ciencia de Datos y analítica,2025-12-05,https://www.linkedin.com/jobs/search/?currentJobId=4318928919&geoId=105701034&origin=JOB_COLLECTION_PAGE_LOCATION_AUTOCOMPLETE&refresh=true,3,LinkedIn,Data Scientist,0
57,Scalepex,Data Scientist,2025-12-05,https://www.linkedin.com/jobs/collections/remote-jobs/?currentJobId=4281921381&discover=recommended&discoveryOrigin=JOBS_HOME_JYMBII,3,LinkedIn,Data Scientist,0
58,IDS comercial ,Data Analyst,2025-12-05,https://mx.computrabajo.com/trabajo-de-analista-de-datos-en-nuevo-leon?p=2#03F9F0D76B99F62F61373E686DCF3405,3,CT,Data Analyst,0
59,Mucho Red,Data Analyst,2025-12-05,https://www.occ.com.mx/empleos/de-data/en-nuevo-leon/?smax=30000&smin=20000&jobid=20843995,3,OCC,Data Analyst,0
60,grupo ayvi,Analista de datos,2025-12-05,https://www.occ.com.mx/empleos/de-data/en-nuevo-leon/?smax=30000&smin=20000&page=2&jobid=20839769,3,OCC,Data Analyst,0
61,Invisible,Stem Specialist - AI trainer,2025-12-05,https://job-boards.eu.greenhouse.io/agency/jobs/4606955101?gh_src=4551efb2teu,3,LinkedIn,Data Analyst,0
62,Genestack,Bioinformatic development,2025-12-05,https://www.linkedin.com/jobs/search/?currentJobId=4232818069&f_C=2896685&geoId=92000000&origin=COMPANY_PAGE_JOBS_CLUSTER_EXPANSION&originToLandingJobPostings=4225882218%2C4232818069%2C4291364285%2C4281246163%2C4303819404%2C4271585263%2C4314082291%2C4210021043%2C4340652874&trk=d_flagship3_company_posts,3,LinkedIn,BI,0
63,Tort Experts,Data Analyst,2025-12-05,https://mx.indeed.com/?from=gnav-jobseeker-profile--profile-one-frontend&vjk=531377429752fd40,3,Indeed,Data Analyst,0
64,Caterpillar,Data Scientist,2025-12-05,https://careers.caterpillar.com/en/jobs/r0000332095/data-scientist-santa-catarina-facility/?source=Indeed,3,Indeed,Data Scientist,0
65,Improvado,Junior Analyst,2025-12-05,https://mx.indeed.com/?from=gnav-jobseeker-profile--profile-one-frontend&vjk=8c6557a37c050af3,3,Indeed,Data Analyst,1
66,Confidencial ,Analista Jr de inteligencia comercial,2025-12-05,https://www.occ.com.mx/empleos/de-analista-o-ciencia-de-datos/en-nuevo-leon/?smax=30000&smin=20000&jobid=20840971,3,OCC,Data Analyst,1
67,Sas,Analista de importación y exportación,2025-12-05,https://mx.computrabajo.com/trabajo-de-analista-de-datos-en-nuevo-leon#EB6D732ED5C70B4761373E686DCF3405,3,CT,Data Analyst,0
68,ManPowerGroup,Analista de Datos,2025-12-05,https://mx.computrabajo.com/trabajo-de-analista-de-datos-en-nuevo-leon?p=2#EA82A268100B828361373E686DCF3405,3,CT,Data Analyst,0
69,Paired,Jr. Data Scientist,2025-12-05,https://mx.indeed.com/?from=gnav-jobseeker-profile--profile-one-frontend&vjk=680b5cba28bcc60f,3,Indeed,Data Scientist,1
70,Skydropx,Data Engineer Jr,2025-12-05,https://mx.indeed.com/?from=gnav-jobseeker-profile--profile-one-frontend&vjk=15f572f4c7bd4e4b,3,Indeed,Data Engineer,1
71,Capgemini,FBS Associate Decission Scientist,2025-12-05,https://mx.indeed.com/?from=gnav-jobseeker-profile--profile-one-frontend&vjk=4459ed9324ab411d,3,Indeed,Data Scientist,0
72,Capgemini,FBS Data Analyst-PowerBI,2025-12-05,https://mx.indeed.com/?from=gnav-jobseeker-profile--profile-one-frontend&vjk=3b4d616f9c8e31fa,3,Indeed,Data Analyst,0
73,Impulssamex,Analista de Datos,2025-12-05,https://mx.computrabajo.com/trabajo-de-data-en-nuevo-leon,4,CT,Data Analyst,0
74,Tecnoap,Científico de Datos,2025-12-05,https://www.tecnoap.com/ads/data-scientist-2/,4,Glassdoor,Data Scientist,0
75,caliente casino,Analista de Datos,2025-12-05,"https://www.glassdoor.com.mx/Empleo/nuevo-león-data-analyst-empleos-SRCH_IL.0,10_IS5742_KO11,23.htm",4,Glassdoor,Data Analyst,0
76,wexpand,Analista de datos,2025-12-05,"https://www.glassdoor.com.mx/Empleo/nuevo-león-data-analyst-empleos-SRCH_IL.0,10_IS5742_KO11,23.htm",4,Glassdoor,Data Analyst,0
77,Lumina Software,Científico de Datos,2025-12-05,https://mx.indeed.com/?from=gnav-jobseeker-profile--profile-one-frontend&vjk=07a5931b1e9b5638,4,Glassdoor,Data Scientist,0
78,Redwood logistics,Data Analyst,2025-12-05,"https://www.glassdoor.com.mx/job-listing/data-analyst-redwood-logistics-JV_KO0,12_KE13,30.htm?jl=1009935009131&src=GD_JOB_AD&uido=A6C9677A21DE3AF98CE6FF54EB8626F6&ao=1136043&jrtk=5-yul1-0-1jbegb4uj20cl000-daa7d4f5f4aa8273&cs=1_40862d26&s=58&t=SR&pos=109&guid=0000019add05938fa97dd1a02aed6043&jobListingId=1009935009131&ea=1&vt=w&cb=1764644721877&ctt=1764644763991",4,Glassdoor,Data Analyst,0
79,Dimex ,Especialista de Ciencia de Datos,2025-12-05,https://www.occ.com.mx/empleos/de-data/en-nuevo-leon/?smax=30000&smin=20000&jobid=20870454,4,OCC,Data Analyst,0
80,incFile,Artificial Intelligence Research / Data Scientist - Advanced English,2025-12-05,https://mx.indeed.com/?from=gnav-jobseeker-profile--profile-one-frontend&vjk=4e1a6f2e433d49cf&advn=9383771290990951,4,Indeed,Data Scientist,0
81,Tort Experts,BI engineer,2025-12-05,https://mx.indeed.com/jobs?q=tort&l=&from=searchOnDesktopSerp&cf-turnstile-response=0.itwmhUV6BzEt_3pQpcnw8IsC4E0U5cTyLHrRU-v0C5EJXea8K5NzCK819K1_iBVcFbXfniflDoQ6WTIN3WL-c7rcbeE6yMbFR1Ei3Ph5LrgexyBRd-mJ7BkhTCDWhP07jpPE87Fbrwkb3ggIYOHNECC84I4EYxeIptpGNtt3nzj3KRwbIxwkuKUsRJ9BhKtvb08Qpzvlb4JWR2mt-LYbz5rXbsM8w1xV1n9l8Q98LmebnPIk78vL1HyxGldPNMi5wmb6N0-Nj7TaQkHwTtDNrRWOvq0-iIRh9Pz6peGTYJdnemSJs43AN7pMvugWP5ObyW0XydFE7at49absFuDhJMcnj1ctBGUSmLNogFVqXVqRtQplBLYvRVAsdGrf_ziV7KjEbIOiRJLUHWOsJ4XWBHPlh9SkQPLgRaFMrzE_eA27BXP2Z5V2qfkTYd9jQVaqkL4yv4rU7pLFlEf_teYfbHNkaY35qmMJ4L6ArDvukav6L-Esma74qkdAeC6-UDdblLV_IWOElSTV2Yz6XRYEWb02FDPkTo3A7bRehmmuv37WLSF327Kba5puIhILDcQhrpA_ucIXsdtK8ONtysx0lJqBjU92xM1AM2hNsVmzugSpG0y-YT8tb1IqEcqi7AAHeDionNxTgwfTUv8zBqRRv5C-XH68pizTFbPrz0qStecZhItceT1EZCuqkDU_8uSLmJKYgM6nbEXbc_mt1QIrVzV602LMMjPIMWZ4HO9Xi5N1VlWaMRhLPtSGPOPe6e3YdqJqXcVh5mlnnMiEeNS8TvlbSesHiIducAF-yg0XLA5dvnFx3WJ05pPaGmc0pAwWG7cVn-YItRTILCUB1nmq0JzkH1WtMYwSjVvixs_GwvcwWdddAK3tLQ4PgLTu3jzlqG8qtiyfHwuSUxmdo81AA7LmreFbYhWLt5Mk5fAqzhs6MKh_tb7gfMqJHEGnQOr-EkizFwKedsMIGqs0W_MOSA.w-nrsfaocTnvFuxOXNDSzQ.689fadc08ad32472677cf4490473a95043050087e332cdbc423e3ca78333e8ec&vjk=d3674498fd89feba,4,Indeed,Data Engineer,0
82,Informática Sa de CV,Analista Desarrollador,2025-12-05,https://mx.computrabajo.com/trabajo-de-data-en-nuevo-leon#5BF6B56765A5811E61373E686DCF3405,4,CT,Data Analyst,0
83,ManPowerGroup,Analista de Datos,2025-12-05,https://mx.computrabajo.com/trabajo-de-data-en-nuevo-leon?p=2#63DE261C45FA885C61373E686DCF3405,4,CT,Data Analyst,0
84,Tecnológico de Monterrey,Especialista en análisis de datos,2025-12-05,https://www.occ.com.mx/empleos/de-data/en-nuevo-leon/?smax=30000&smin=20000&jobid=20876169,4,OCC,Data Analyst,0
85,Avahi,Data Scientist,2025-12-05,https://www.linkedin.com/jobs/collections/recommended/?currentJobId=4336254692,4,LinkedIn,Data Scientist,0
86,Baufest,Data Reporting Analist,2025-12-05,https://www.linkedin.com/jobs/view/4337010282/?alternateChannel=search&eBP=CwEAAAGa7_apgNkWRTvUXwFKHWc_Ils3rQZHm5njv7YFbmgykfv2-Y6WClhNomnJJErzPngfXI2IVZo1GJK8HXySgkhUCUA28XD9s9V7-h-OUpfLJwO77fBYcHI2a_MSq9nCWLMrqYPvOlGmgtV-bDViLgJzrgPutLKF4V5lFw8TdbGIzFMFo_kF16pwkfXwUEi0QoGmhr1uBb0uJMhAJdNNp1Lj0CAV6tN65KPcGyMXv6Ii_4lFWsjSKnwEA5Q7cEcVCbl-i-cx_OcwXHCWDpvdZQCZ-5f2sQxqbrs7Qda0wV8xieacxftzFAHE9hCOnuKEEjSs1RSOWM-JcW8wJ0z9pMC8m1GlxDC4sf1Arj3uPaWMoUT86OvamzKKvCEJtg7Wm5kt_dV7WXITz_VueQAHnxVWR3S5Y5o0vTWj6qlNUgS5DU4UY2MGwKdSUExTbBh863XsirCSmOqxa86kr9CZYN6h6RiUsSdOx8RoiB0sXRwbuvDl&refId=dSNkGS6VtnRtyarcju9XNA%3D%3D&trackingId=1oak46OEOU%2F9Z8zF8Zf6KA%3D%3D&trk=d_flagship3_jobs_discovery_jymbii,4,LinkedIn,Data Analyst,0
87,Dematic,Jr. Data Base,2025-12-05,https://www.linkedin.com/jobs/view/4324416598/?alternateChannel=search&eBP=CwEAAAGa7_apgNFQMQ88SfZNXamsRJM9Ggv48LwRaIG5AXfkjyWVde73DVOkdtVZOneG400tegcDCMK4Ip_fG3En7a55NVihLsl16w5gOmAM48XuuXcSeVK8e1ccZRZNyKYP2iI_9m3yztckHWrSHGd0XvZB7309QdvzWfVsmtkj2qevDC6ESFuoqcUA33Dzbjj3euulfODZgz-ljk_R93ZT78GVm8wiZMAKqdcrrmrxe4NmFLKg0W3yid3kvqeJDHMWuuAD7VsIdSMzVcuDWaA2TZCkyFNIR6Z6_K5HvN0E_9mZLaMKjvzUzCe4SxUlvxgjJOTx4uc6p4pnkoLhzj5lJuzF0PxOdJh1uYX57_jBEvavEY1VSktzgw15evMXYlCNIvOaEXaWxfj96_At5ooIpNOtnal6Jseuh5Mq249_WkFYn7omOfecRU_Kobu_JfvtjvhzQOkjdnVrNVQ-DjZI4Su3jPV6Tet-ig6XFAYc194p0A&refId=%2BkntYey8NXuN02P%2B8jFXmg%3D%3D&trackingId=sn%2FmiiOZD0V2w6a9LMZjzQ%3D%3D&trk=d_flagship3_postapply_default_confirmation,4,LinkedIn,Otros,1
88,Artefact,Analytics Engineer México,2025-12-05,https://www.linkedin.com/jobs/view/4268646729/?alternateChannel=search&eBP=CwEAAAGa7_apgX--3seXP1uvt02ichPcSOyP0QcoKDv_EDRiI6MIMc4W9N764cmB2e-pDa6ewUWnwumnXYoxIL-zGKY6uYwljx5ZFjJIEg_nD7JsiaCH-qZxqLU_Ap9H4aGX8bh6bHMVOaq94qyrwNQtx-h8ZELkwnGuilhwytOk-N62CB_cX-B6oMCKoPgRvonWr9noexQ2gqXM_aEn_faG1ktmR_HN_wpnGSf8pqu051r-_NiJbsPfwowZ-bb1sB6xggiou9GLe1lEVV88ZXgOVa9OICdfp6b02ifEb62BNhF2VdNoj2tC-lBI88UPyEHgtVHkKxSHnEoD9-rMLDrDg8dkRsFcW_-69LbJW5once3sPT8b34Ct--7qggab5f-PyzbWjnvbw1vphQ00PVs8dtcT8qWMhQ60viVL6ca2Pcg9Cba0IG3mjpqvBIClV9bmOQRbOa9zjlaw2lmG5TCY7qj6Adt1204J3tXd2AwI-7oOqA&refId=%2BkntYey8NXuN02P%2B8jFXmg%3D%3D&trackingId=wueHAxXcYCqwABw9WTOI%2FA%3D%3D&trk=d_flagship3_postapply_default_confirmation,4,LinkedIn,Data Analyst,0
89,workspark,Media Operations Analyst,2025-12-08,https://mx.computrabajo.com/trabajo-de-data-analyst-en-nuevo-leon#ADEEC86D5B94894561373E686DCF3405,4,CT,Data Analyst,0
90,Capgemini,FBS Report Builder,2025-12-08,https://mx.indeed.com/?from=jobsearch-empty-whatwhere&vjk=3238b549763edf74,4,Indeed,Otros,0
91,Phrac international,Business Analyst,2025-12-09,https://www.occ.com.mx/empleos/de-data/en-nuevo-leon/?smax=30000&smin=20000&jobid=20868111,4,OCC,Data Analyst,0
92,Capgemini,Data Scientist,2025-12-09,https://mx.indeed.com/?from=jobsearch-empty-whatwhere&vjk=5dcdf912480597a9,4,Indeed,Data Scientist,0
93,Dimex ,Especialista de Ciencia de Datos,2025-12-10,https://www.occ.com.mx/empleos/de-data-science/en-nuevo-leon/?smax=30000&smin=20000&jobid=20870454,4,OCC,Data Analyst,0
94,ODIX,Data Scientist,2025-12-10,https://www.occ.com.mx/empleos/de-data-science/en-nuevo-leon/?smax=30000&smin=20000&jobid=20844719,4,OCC,Data Scientist,0
95,Lumina Software,Data Scientist,2025-12-10,https://www.occ.com.mx/empleos/de-data-science/en-nuevo-leon/?smax=30000&smin=20000&jobid=20849017,4,OCC,Data Scientist,0
96,Monterrey IT cluster,Científico de Datos JR,2025-12-10,https://www.occ.com.mx/empleo/oferta/20862662/?returnURL=empleos%2fde-data-science%2fen-nuevo-leon%2f%3fsmax%3d30000%26smin%3d20000%26jobid%3d20849017&sec=sim&simval=0.0#lc=OfferDetail-Similars-3,4,OCC,Data Scientist,1
97,Tecnoap,Data Scientist Jr,2025-12-10,https://www.occ.com.mx/empleo/oferta/20801671/?returnURL=%2fempleos%2fde-data-science%2fen-nuevo-leon%2f%3fsmax%3d30000%26smin%3d20000%26jobid%3d20849017&sec=sim&simval=0.0#lc=OfferDetail-Similars-2,4,OCC,Data Scientist,1
98,Braintrust,Biology Expert W Python,2025-12-10,https://www.linkedin.com/jobs/view/4324378706/?alternateChannel=search&eBP=NOT_ELIGIBLE_FOR_CHARGING&refId=bhbjqH5LFhG%2BjVXkU30YrA%3D%3D&trackingId=sJc93GpP%2FuaNIyJkYTT1rA%3D%3D&trk=d_flagship3_search_srp_jobs&lipi=urn%3Ali%3Apage%3Ad_flagship3_search_srp_jobs%3BO15yBQHiR22o2w2Uy6KONQ%3D%3D,4,LinkedIn,BI,0
99,Dtroy,Analìtica de costos y Data Science,2025-12-11,https://www.occ.com.mx/empleos/de-data-science/en-nuevo-leon/?smax=30000&smin=20000&jobid=20849072,4,OCC,Data Scientist,0
100,Envia flores,Marketing Insights Specialist,2025-12-11,https://www.occ.com.mx/empleos/de-data-science/en-nuevo-leon/?smax=30000&smin=20000&jobid=20884591,4,OCC,Data Analyst,0
101,Fultra,Analista de Datos,2025-12-11,https://www.occ.com.mx/empleos/de-data-science/en-nuevo-leon/?smax=30000&smin=20000&jobid=20871236,4,OCC,Data Analyst,0
102,Mucho Red,Data Analyst,2025-12-12,https://www.occ.com.mx/empleos/de-data-science/en-nuevo-leon/?smax=30000&smin=20000&jobid=20843995,4,OCC,Data Analyst,0
103,Xploy Solutions,Data Analyst,2025-12-12,https://www.linkedin.com/jobs/search/?currentJobId=4326425855&geoId=92000000&keywords=bio&origin=JOB_SEARCH_PAGE_JOB_FILTER&refresh=true&start=50,4,LinkedIn,Data Analyst,0
104,Farmacias Benavides,Desarrollador BI,2025-12-12,https://www.linkedin.com/jobs/search/?currentJobId=4342644172&geoId=92000000&keywords=bio&origin=JOB_SEARCH_PAGE_JOB_FILTER&refresh=true&start=50,4,LinkedIn,BI,0
105,Data Annotation,Anotación de prompts,2025-12-05,https://app.dataannotation.tech/workers/starter_assessment_complete,4,LinkedIn,Otros,0
106,Mercor,Academic Research Specialist,2025-12-05,,4,LinkedIn,Data Analyst,0
107,Helix and Co,Jr. Data Analyst,2025-12-05,https://www.linkedin.com/jobs/search/?currentJobId=4343742504&geoId=92000000&keywords=data&origin=JOB_SEARCH_PAGE_SEARCH_BUTTON&refresh=true,4,LinkedIn,Data Analyst,1
108,joinrs,Ciencia de Datos,2025-12-05,https://www.joinrs.com/es/job-offers/438208/?utm_source=linkedin&utm_medium=job-offer-es&utm_campaign=438208-internal,4,LinkedIn,Data Scientist,0
109,Indi,Power Bi Junior Analyst,2025-12-16,https://www.linkedin.com/jobs/search/post-apply/default/?currentJobId=4343816631&geoId=92000000&keywords=data&origin=JOB_SEARCH_PAGE_SEARCH_BUTTON&postApplyJobId=4343816631&refresh=true&start=75,4,LinkedIn,Data Analyst,1
110,Toloka AI,Biology Expert AI,2025-12-05,https://app.usebraintrust.com/jobs/16455/proposals/1342562/edit/?back=%2Ftalent%2Fdashboard%2Fmy_jobs%2Fmy_proposals,4,Otros,BI,0
111,Braintrust,Biology Expert,2025-12-05,https://app.usebraintrust.com/talent/dashboard/my_jobs/my_proposals,4,Otros,BI,0
112,Pfizer,Data Science Associate,2025-12-05,https://pfizer.wd1.myworkdayjobs.com/en-US/PfizerCareers/job/Data-Science-Associate_4948239-1,4,Otros,Data Scientist,0
113,E solutions,Full time Data Scientist,2025-12-17,https://www.linkedin.com/jobs/view/4344172320/?alternateChannel=search&eBP=NOT_ELIGIBLE_FOR_CHARGING&refId=tgOUAZkGBi1pZBgBosAskA%3D%3D&trackingId=UW7vA%2BpxnPoyQ1rYe256gg%3D%3D&trk=d_flagship3_postapply_default_confirmation&lipi=urn%3Ali%3Apage%3Ad_flagship3_search_srp_jobs%3BDXJt0ndCTGmynzRpwGfWvQ%3D%3D,4,LinkedIn,Data Scientist,0
114,work vista,Data Analyst,2025-12-05,https://www.linkedin.com/jobs/search/?currentJobId=4343888075&geoId=92000000&keywords=data&origin=JOB_SEARCH_PAGE_SEARCH_BUTTON&refresh=true&start=175,4,LinkedIn,Data Analyst,0
115,Mindrift,Biology Expert with Python ,2025-12-05,https://apply.workable.com/toloka-ai/j/B622F0E113/,4,LinkedIn,BI,0
116,tecnoap,Data Scientist,2025-12-18,https://www.tecnoap.com/ads/data-scientist-2/,4,LinkedIn,Data Scientist,0
117,talexa,LLM Biology and Python,2025-12-22,https://mx.indeed.com/jobs?q=data&l=Nuevo+Le%C3%B3n&from=searchOnDesktopSerp&cf-turnstile-response=0.OZqNfM0bduocTqWQvZhlQKJGCpTBk1bU7Rz_s8I1kHmsw4wOlVffxrD1HSI5usB4naqZRgl_ogzBiiC2-OyUOkPBFPm7nEUShnMN-qlf-6HgpmAffxCIoxd95Hcecste8fHuLYrdsVrmzVyvkgahn2Qtn93gqWFjHpQR7DXiPxzTvoWSu-Ua5fmbcj2Bo0C6NIN-JcrwuAWazd77q4qBhrcyqNFYwJ2yNsW-bnU5csRSM-MTfGwTxNPblGBK5x1_VrgbDRbtAzLvS4u6U2eW1jPGTP2JC0AjKbWuR96BcwdUfd0rVQE3Kb5JmCaYYDF7v-Jtp8ChPjD_33Ua4gvh2MrYIDePp9ZjhoihBpZSc2Q3I0tE34SYp1r0YR2fETYR36iXF33zExbuXzlHWgrP1zB4SYGiPbhbo1t5Kh6iL22Ipv8ViOqkXl7lnQi_UdWLB2BSfhOZvGAPe0ylKhSQ4zhmQTERkYFm3raWtszrWcIp36KWJRVdQPFeZhe8lJ5vVR5UiNu5y89PRyttKy89LpQywd3D4Hu7PG5EE4NDB9pfo5erqtH4cL-liHqCpPs_cL9uzt46_-AzllsHJmT4-hcx5tgUNj6tzWLQbqcMdB_NbkADig-ag_vuKPh6kjOGgFIogCDsssT2johhX3XR-IYfJwROM6lW4CvPj4rdOcC7woTBpNIUFrmNqON1tEINz8ZWtZgdxc3jQB2YpfIjsiD4AtRAeyRJJOF4tYCAy8X9IU710aPtwMCeNKuNKWPcn9Kvo-xMRU_LDr0wy5o3tm4jcCM0tHYtoCSN9a9JkFHbq2mixQsqGUwzCZhEMvzBM9DwGVB4koQx2kAv9PVozcsINodY1VYxRxH2Za78m4QXxRN6M5Tr1gaqNzRi4RG9DoiNg01TiWIR-b0CnlFUM9mnwPYPYx5KPzL-A6hNJJgfS2Gn9JmmmkawyFkXTUW0rHl9_YJDbSrAHOOpvbrYjQ.MqFvu9MO8V_2xAfZ3BNYTA.3a8a732fbafaaa1b6fe5adf35a1a6f97c878cb0bc6122d073c9361332901a967&vjk=d491a556df5c5b75&advn=8937613017401953,4,Indeed,BI,0
118,Proximo,Data Specialist,2025-12-22,https://www.glassdoor.com.mx/partner/jobListing.htm?pos=104&ao=1136043&s=58&guid=0000019b48a7ca85adb0f31b638a1494&src=GD_JOB_AD&t=NS&vt=w&uido=A6C9677A21DE3AF98CE6FF54EB8626F6&ea=1&cs=1_16e8e12e&cb=1766450514788&jobListingId=1009964036082,4,Glassdoor,Data Analyst,0
119,Movit SG,Científico de Datos,2025-12-22,https://www.glassdoor.com.mx/Empleo/index.htm,4,Glassdoor,Data Scientist,0
120,Movit SG,Analista BI,2025-12-22,https://www.glassdoor.com.mx/partner/jobListing.htm?pos=108&ao=1136043&s=58&guid=0000019b48b435ecb76372f15863125a&src=GD_JOB_AD&t=NS&vt=w&uido=A6C9677A21DE3AF98CE6FF54EB8626F6&ea=1&cs=1_0dd11e89&cb=1766451329669&jobListingId=1009961195299,4,Glassdoor,Data Analyst,0
121,SB ,Research & Insights Analyst,2025-12-05,https://www.glassdoor.com.mx/partner/jobListing.htm?pos=107&ao=1136043&s=58&guid=0000019b7baa12e790c6aababb5fb960&src=GD_JOB_AD&t=NS&vt=w&uido=A6C9677A21DE3AF98CE6FF54EB8626F6&ea=1&cs=1_25532fc1&cb=1767306302609&jobListingId=1009976311586,4,Glassdoor,Data Analyst,0
122,Afasit,Analista de datos,2025-12-05,https://www.glassdoor.com.mx/partner/jobListing.htm?pos=103&ao=1136043&s=58&guid=0000019b7baf7a2394316a20f995de01&src=GD_JOB_AD&t=NS&vt=w&uido=A6C9677A21DE3AF98CE6FF54EB8626F6&ea=1&cs=1_314b8685&cb=1767306656598&jobListingId=1009983162334,4,Glassdoor,Data Analyst,0
123,Jhonson Control,Data Analyst,2025-12-31,https://apply.johnsoncontrols.com/johnsoncontrols/johnson-controls-es/job-data-analyst-ptp/512451/confirmation,4,Glassdoor,Data Analyst,0
124,Amazon,"Data Analyst, Worldwide operations",2025-12-31,https://www.amazon.jobs/jobs/3149010,4,Otros,Data Analyst,0
125,ICON,Data Analyst,2026-01-01,https://iconn.csod.com/ux/ats/careersite/1/requisition/24845/application?c=iconn&sq=MOP0034001&jobboardid=0#4,4,Otros,Data Analyst,0
126,Pepsico ,Data & Modeling Analyst,2026-01-01,https://www.pepsicojobs.com/main/jobs/425274/job?utm_source=indeed_integration&iis=Job%20Board&iisn=Indeed&indeed-apply-token=73a2d2b2a8d6d5c0a62696875eaebd669103652d3f0c2cd5445d3e66b1592b0f&codes=1-INDEED,4,Otros,Data Analyst,0
127,Manuable,Analista de Costos y rentabilidad,2026-01-01,https://www.glassdoor.com.mx/partner/jobListing.htm?pos=107&ao=1136043&s=58&guid=0000019b7c52127bafbf6a9a9bdcf0e4&src=GD_JOB_AD&t=NS&vt=w&uido=A6C9677A21DE3AF98CE6FF54EB8626F6&ea=1&cs=1_dbdec45f&cb=1767317312338&jobListingId=1009974382444,4,Glassdoor,Data Analyst,0
128,Autofin,Analista de Datos,2026-01-02,https://mx.computrabajo.com/trabajo-de-data-en-nuevo-leon#A9001D6BB4827DAC61373E686DCF3405,4,CT,Data Analyst,0
129,Confidencial ,Data Entry,2026-01-02,https://mx.indeed.com/jobs?q=data&l=Nuevo+León&from=searchOnDesktopSerp&cf-turnstile-response=0._UacxWcrO4j_taz0gpi2QUGoyltBV2TvfYL-AZ6jsK3foAdK86WR_uCKWN9WYTRRjh5DSvsyooadBkjvM7hW7rHW48cOQyk1hZTp1hmQiDj5nuCoMJOUofDsFqlQmrvm4N7tPtj6y4bTOFnl3BP1oAPPJZbCBMg_Dw94BuiELseywkr8T_d5910OQ0uvj5P4pSt5P2tMqDEfUUZFcDwoU3fWOUmrFzL3TEvaVuAVzw5UHrETbB4v4CYoVo5rlNUdKpxK7qRGrbSyU6eCi01VuUgTkBV_QMejjbd17JzY10hBC-U4KVkaIsVENcPj4_PQumgnTnTialmoOjDPwyExmZJ3MUeY0O33tUdt33yTbJ2gK_QOOPm5x1LlSHACFa408g-3pq0qnTcF6_mS3BtypPpGwyAmJFuzQE_Rv3aiZx9fgbGG4i4dgmBFoRBouVH0uOi_p2gdTEq403IXHF5XHAe2uTZpCzYaVj7c3SSWz5esxZCL1D4w_VKbyaV649HSRU27zqrvVmrpTwDrE7R8pY-C8DW5EGP3GmOeyN_w0lTwuKzhLRKoNcPtm1I7_RJRXnY9hleewSEm1yTggMa0-P8THbzzw2704WpzobeyzCMxzZYLrpkWd9y9WW3zRw5EQMbVGomlzVDqLhKRJi9bcBV9-4LP19D2vl32lG17qrvoriFsaXZLysdF8d1kn2FLaVvhEuvmAPUIQMeLrPeKBN3Duk9jf3Ze1rbmvyuaM_09JRmJG3iHQt4VYtGDF4TmUNwFTmTo5Va6VHvAPiNjpWs9kK9RA7hgW83akc2Y8sTv1-ZtfgGmP6ebPoeb6xSLOX5LH6Xj1eYS5egefuvleQCDHFi4GbnVyhIC3BbcXlmqAwvrUQf2egch5ixcWxTSPJVsbR_P-G7ujDLT0F6fItTbvzkuJFAxQ1vQM5fx0zD17-9gPuga7tiSbBzBBjpwEOH7UGdyPEGf4x8cjhb-5w.8GE2D6X6JOqt30I7ID9R-Q.2d42145adcc860a84cd846509c728536caeabf546eddc116a224c5f58a97fb07&vjk=acf5faa05a4f5cc0&advn=2907488015262814,4,Indeed,Otros,0
130,banregio,Científico de datos,2025-12-05,https://www.occ.com.mx/empleos/de-data-science/en-nuevo-leon/en-la-ciudad-de-monterrey/?jobid=20897830,4,OCC,Data Scientist,0
131,Confidencial ,Analista de inteligencia de negocios,2025-12-05,https://www.occ.com.mx/empleos/de-data-science/en-nuevo-leon/en-la-ciudad-de-monterrey/?jobid=20892684,4,OCC,Data Analyst,0
132,Infinitytech servicios integrales de tecnología,científico de datos,2025-12-05,https://www.occ.com.mx/empleos/de-data-science/en-nuevo-leon/en-la-ciudad-de-monterrey/?jobid=20841207,4,OCC,Data Scientist,0
133,Internacional de sistemas,científico de datos,2025-12-05,https://www.occ.com.mx/empleos/de-data-science/en-nuevo-leon/en-la-ciudad-de-monterrey/?jobid=20839736,4,OCC,Data Scientist,0
134,Toreo Motors,Analista de Datos IA,2025-12-05,https://www.occ.com.mx/empleos/de-data-analyst/en-nuevo-leon/en-la-ciudad-de-monterrey/?jobid=20876927,4,OCC,Data Analyst,0
135,Bliss IT,Científico de Datos,2025-12-05,https://www.occ.com.mx/empleos/de-data-scientist/en-nuevo-leon/en-la-ciudad-de-monterrey/?jobid=20838200,4,OCC,Data Scientist,0
136,Autozone,Especialista de análisis,2025-12-05,https://www.occ.com.mx/empleos/de-data-scientist/en-nuevo-leon/en-la-ciudad-de-monterrey/?jobid=20880945,4,OCC,Data Analyst,0
137,MBS arrendadora SAPI,Data Science y automatizaciones jr,2025-12-05,https://www.occ.com.mx/empleos/de-data-scientist/en-nuevo-leon/en-la-ciudad-de-monterrey/?jobid=20849968,4,OCC,Data Scientist,1
138,SkySis,Data Analyst,2025-12-05,https://www.linkedin.com/jobs/collections/top-applicant/?currentJobId=4346823683&origin=FREEMIUM_TAJ_IN_APP_NOTIFICATION,4,LinkedIn,Data Analyst,0
139,The Outloud Group,Jr Data Analyst,2025-12-05,https://www.linkedin.com/jobs/collections/top-applicant/?currentJobId=4345697987&origin=FREEMIUM_TAJ_IN_APP_NOTIFICATION,4,LinkedIn,Data Analyst,1
141,Open Talent Group - Patrick J McGovern Foundation,Junior Developer,2026-01-07,https://jobs.lever.co/mcgovern/11b279bb-76df-4a7d-accb-4f6073c7bd4d/thanks,5,Otros,Otros,1
142,-OTG - Patrick,technology roles,2026-01-07,https://jobs.lever.co/mcgovern/1bf64f87-7cf5-4fef-97cb-04813474b2d7,5,Otros,Otros,0
143,Agerpoint,General Interest - Decision Making,2026-01-07,https://torre.ai/post/Odve3q7w-agerpoint-general-interest?utm_source=web&utm_medium=srh_jobs&utm_campaign=dft&utm_term=dcf1svyet&utm_content=card&t=1767823088933&r=G4LYVWZE,5,Otros,Otros,0
144,Banregio,Cientifico de Datos,2026-01-07,https://www.occ.com.mx/empleos/de-data-scientist/en-nuevo-leon/en-la-ciudad-de-monterrey/?jobid=20897830,5,OCC,Data Scientist,0
145,Unilink,Quantitative Analyst,2026-01-07,https://www.occ.com.mx/empleos/de-data-scientist/en-nuevo-leon/en-la-ciudad-de-monterrey/?jobid=20906541,5,OCC,Data Analyst,0
146,Argon Sc,Analista BI,2026-01-07,"https://www.glassdoor.com.mx/job-listing/analista-de-mis-analista-bi-servicios-multiples-especializados-arrgon-sc-JV_KO0,27_KE28,72.htm?jl=1009918418854&cs=1_7e3da767&s=269&t=NS&pos=102&src=GD_JOB_AD&guid=0000019b9a979fa6a9e43fa9c20cae1d&uido=A6C9677A21DE3AF98CE6FF54EB8626F6&jobListingId=1009918418854&ea=1&ao=1136043&vt=w&cb=1767825186886&ctt=1767825192779",5,Glassdoor,Data Analyst,0
147,Sigma Alimentos,Analista de rentabilidad y ,2026-01-08,https://mx.computrabajo.com/empresas/ofertas-de-trabajo-de-sigma-alimentos-corporativo-sa-de-cv-1CDE06E04868C476,5,CT,Data Analyst,0
148,Apex,Application Analyst,2026-01-08,https://mx.indeed.com/viewjob?from=app-tracker-post_apply-appcard&hl=es&jk=d2c6d9c7fed1e075&tk=1jedapf3bgins800,5,Indeed,Data Analyst,0
149,NielsenQ,Jr Analyst,2026-01-08,https://www.linkedin.com/jobs/search/?currentJobId=4344454583&keywords=data%20scientist&origin=BLENDED_SEARCH_RESULT_NAVIGATION_JOB_CARD&originToLandingJobPostings=4344454583%2C4330596001%2C4345697987,5,LinkedIn,Data Analyst,1
150,Banregio,Especialista ML & AI,2026-01-08,https://www.linkedin.com/jobs/view/4351345463/?eBP=CwEAAAGboQyQRsC8xPrsX0pEjK2lCjuFQGCMDQaBFy55EP-yJdQbjTfesQ97A-pwcp_Eo-67xihjW4lTKN5dUYyuo2SsrziK3ZOIj-iLq1d_CG92GIop15-HqsjxOM25pZRSF7dPsoJ-eEWdyMi-ssNXZEOuAu-MK_2brH4Nw0ImaY0T7P6x8PnDs8oYUhKKP4cKypumD_1p7nZWJpo2izvhf1FEIyzvjg-Tg95KvnJuYY31iMGF56NhBctxu7wWSAEsMCYD6eqTT7oiokyDPfPrtTgVyhumFb9ZSyFNvi6x4wzAHZe4fb9RLiXz3bFkZHPke_oAVB9vSfZGTCLvGLurR69CTFjX9YSMXPREoA1-fykDJwMswC1QksyYQu1AIgFEfO6VnkuHkjAalcsZLt0tlHjOBJkyXWktWqwpGogzO2pyfEoV4IazpTVpqQSq1tErxhqaQCE-HPpBEKm8pMC8bKP-04jy1aPA9AB5i1w2XKXIljPKWa0D3jFAKrmS5rvs2XsCqBUwQa0prd2TEOXEoiddgTo7LA&refId=PQHJnClWB4ZxrqfTcPOBgw%3D%3D&trackingId=xp%2FH8Pa2ZJepdhK4SATTpw%3D%3D&trk=flagship3_search_srp_jobs&lipi=urn%3Ali%3Apage%3Ad_flagship3_search_srp_jobs%3B3yGnENXIRxauAy4msAyzQQ%3D%3D&lici=xp%2FH8Pa2ZJepdhK4SATTpw%3D%3D,5,LinkedIn,Data Analyst,0
151,Inetum,Desarrollador BI,2026-01-08,https://www.linkedin.com/jobs/view/4343277795/?alternateChannel=search&eBP=CwEAAAGboSD_wZuMaVuzt3rdVycQMhGvXLyLx8MCvxl1rc7GzsRgOTSlZPS5KtmG5V0RhVK3ydjDsBIXrZtChezbyRskrJTFYput2ElQkp9EWvBs_BuUDJritTM35Iyp2nA8BbJr0kjOIyWqftUSFnCAYc9VGEqgT9Ny1k4QHJjz4yigQgJfFFGJ0AZfWGiKn2Vk1EAN_M7ritrosy8J8zv_QlGYOqiR9zKBzoAonETECrR103D4yExiP8aMORalYLhYKFGZtYGd4QMUYYzxwAYVYhPpabnYvg7TqQrL5OZOhc-eepN0oXhS35OR9haAiIb0krBgorUznt0wyMSbLGKM5M6KG6LeT2jv7eY7yDV_V-hHW5zdFeLNEidf_Kw5NRAvvWynly3sSlzxRgA6rxjmQCUT7WujqvJn3OvaVQgEsSsdK1eku91j06uP5Idf317NDh6I9pdebz9VPIfhuMSQE0sZxkPVbVIBW5cVqXw&refId=Ko%2Fun7yAmY%2Bq41jXMcrmIw%3D%3D&trackingId=LEWgg9sfWVzbgsxFtZPYIw%3D%3D&trk=d_flagship3_postapply_default_confirmation&lipi=urn%3Ali%3Apage%3Ad_flagship3_search_srp_jobs%3BN0gPOHTeS6KZjPzOYKatlg%3D%3D,5,LinkedIn,BI,0
152,Braintrust,Biology Experts,2026-01-11,https://app.usebraintrust.com/jobs/16373,5,Otros,BI,0
153,Boaz Onyango,AI trainer Specialist,2026-01-11,https://torre.ai/post/PW9Okg1d,5,Otros,Data Analyst,0
154,Corning,DS JR,2026-01-14,https://www.glassdoor.com.mx/partner/jobListing.htm?pos=113&ao=1136043&s=58&guid=0000019bbe4b5123a9fc7caa08f61334&src=GD_JOB_AD&t=NS&vt=w&uido=A6C9677A21DE3AF98CE6FF54EB8626F6&ea=1&cs=1_404900aa&cb=1768424165912&jobListingId=1009985644520,5,Glassdoor,Data Scientist,1
155,Nadro,Data Center,2026-01-14,https://www.glassdoor.com.mx/partner/jobListing.htm?pos=108&ao=1136043&s=58&guid=0000019bbe56328da0701a6a7a7097e2&src=GD_JOB_AD&t=NS&vt=w&uido=A6C9677A21DE3AF98CE6FF54EB8626F6&ea=1&cs=1_96667ca6&cb=1768424879046&jobListingId=1009985461876,5,Glassdoor,Otros,0
156,Sociedad Mexicana de Parrilleros,JR AI/ML Engineer,2026-01-14,https://www.glassdoor.com.mx/partner/jobListing.htm?pos=104&ao=1136043&s=58&guid=0000019bbe56328da0701a6a7a7097e2&src=GD_JOB_AD&t=NS&vt=w&uido=A6C9677A21DE3AF98CE6FF54EB8626F6&ea=1&cs=1_988205b3&cb=1768424879046&jobListingId=1009993493475,5,Glassdoor,Data Engineer,1
157,Securitas Technology,Analista de información,2026-01-14,https://www.glassdoor.com.mx/partner/jobListing.htm?pos=102&ao=1136043&s=58&guid=0000019bbe6268c892b822f3d0cfd9ca&src=GD_JOB_AD&t=NS&vt=w&uido=A6C9677A21DE3AF98CE6FF54EB8626F6&ea=1&cs=1_149ba71a&cb=1768425679326&jobListingId=1009935187193,5,Glassdoor,Data Analyst,0
158,Pyramid Consulting,Junior ETL developer,2026-01-14,https://hireline.io/mx/empleos/junior-etl-developer-remoto/113016,5,Otros,Otros,1
159,Maxitransfer,Business Analyst Jr,2026-01-15,https://www.glassdoor.com.mx/partner/jobListing.htm?pos=106&ao=1136043&s=58&guid=0000019bc28db6cfab703be89b93fb34&src=GD_JOB_AD&t=NS&vt=w&uido=A6C9677A21DE3AF98CE6FF54EB8626F6&ea=1&cs=1_9010aad6&cb=1768495626303&jobListingId=1009985571482,5,Glassdoor,Data Analyst,1
160,Nazan Comercializadora de Calzado ,Ingeniero de Datos y Análisis,2026-01-15,https://www.glassdoor.com.mx/partner/jobListing.htm?pos=106&ao=1136043&s=58&guid=0000019bc28db6cfab703be89b93fb34&src=GD_JOB_AD&t=NS&vt=w&uido=A6C9677A21DE3AF98CE6FF54EB8626F6&ea=1&cs=1_9010aad6&cb=1768495626303&jobListingId=1009985571482,5,Glassdoor,Data Engineer,0
161,Caliente Casino,Analista de Datos,2026-01-15,https://www.glassdoor.com.mx/partner/jobListing.htm?pos=116&ao=1136043&s=58&guid=0000019bc2992ff8ad646094b1801ffa&src=GD_JOB_AD&t=NS&vt=w&uido=A6C9677A21DE3AF98CE6FF54EB8626F6&ea=1&cs=1_fa395c36&cb=1768496378369&jobListingId=1009996509572,5,Glassdoor,Data Analyst,0
162,FEMSA Salud,Analista Replenishment,2026-01-15,https://careers.femsa.com/FemsaSalud/job/Monterrey-ANALISTA-REPLENISHMENT-%28ABASTO%29/1329220062/,5,Otros,Data Analyst,0
163,OXXO ,Anlista Operaciones Planogramas,2026-01-15,https://careers.femsa.com/OXXO/job/Monterrey%2C-Nuevo-Le%C3%B3n%2C-M%C3%A9xico-ANALISTA-OPERACI%C3%93N-PLANOGRAMAS/1328468562/,5,Otros,Data Analyst,0
164,Mindrift,Statistician with Python,2026-01-15,https://www.linkedin.com/jobs/view/4346232213/?eBP=JOBS_AUCTION_SERVICE_FAILED&refId=1jnV%2BQx1g37K1MVPAAhHwQ%3D%3D&trackingId=f06c9i%2Fws0TIY15HZRET1w%3D%3D&trk=flagship3_jobs_discovery_jymbii&lipi=urn%3Ali%3Apage%3Ad_flagship3_jobs_discovery_jymbii%3Bo8eLsC7oR9%2B9TVbGoIai5Q%3D%3D&lici=f06c9i%2Fws0TIY15HZRET1w%3D%3D,5,LinkedIn,Otros,0
165,Launchpad,Data Scientist,2026-01-15,https://job-boards.greenhouse.io/launchpadtechnologiesinc/jobs/4619191006?gh_src=68a768c26us,5,Otros,Data Scientist,0
166,xpertal,Analista perfiles Jr,2026-01-15,https://career19.sapsf.com/portalcareer?company=centrodese&correlation_Id=5871273019&lang=es_MX&clientId=jobs2web&socialApply=false&career_ns=&site=&jobPipeline=RCM+Redirect&navBarLevel=MY_PROFILE&isInternalUser=false&showAlertCreated=false&_s.crb=vpWq%252bohJ80pAxnY67kUERmoZf%252b9v8xH%252fxKDltzPCWxw%253d,5,Otros,Data Analyst,1
167,GroWrk ,Purchase Analyst Jr,2026-01-15,https://growrk.factorialhr.com/job_posting/purchases-analyst-jr-277405,5,Otros,Data Analyst,1
168,Bayforce,Data Operations Analyst,2026-01-16,https://www.linkedin.com/jobs/view/4360726988,5,LinkedIn,Data Analyst,0
169,Planen,Analista de Datos Jr,2026-01-19,https://mx.indeed.com/rc/clk?jk=dd9bdbe32f3d3479&from=hp&tk=1jfc2sd21gnri805&bb=yBgDgmHME_1-7P41yJ7DP4p2Rg4YOb6_N9D6ppD3hCkkF1iYO_t0SNU4pfi5SwjoyQLq_tDozaSAMw5DqYYY5U-GPj9A9SbMYzIPLt74of_7YNhs2_x2KTFueV1oUwHLLpK75s4-878%3D&xkcb=SoDV67M3osN-dGy6A50PbzkdCdPP,5,Indeed,Data Analyst,1
170,Grupo Casco,Analista de Datos,2026-01-19,https://mx.indeed.com/rc/clk?jk=dee53954eb622ffe&from=hp&tk=1jfc3apfjg1j5800&bb=5zKGJLQZGJQb8A9hTd1RLh1KMbN-xjGR7WvhPDBAQUtH4yP2yuOtJSBwKDSVAVkFY2Yda4fufF7wbeBuWh3M-dr4FpL_3uOA5vIDjA7f7N5MvbQlron_mjqYpMvycCOPM5VuC01wrQbFbhIWifmnEw%3D%3D&xkcb=SoDs67M3osOk5zyWiB0KbzkdCdPP,5,Indeed,Data Analyst,0
171,NeoPerformance,Jr. Marketing Data Analyst,2026-01-19,https://mx.indeed.com/rc/clk?jk=36d04f065a4d85b4&from=hp&tk=1jfc406vkgnja800&bb=8GxNxjcpEaYwheLIrgLaAYK9lg6DXdHvTx4FbjstMGFxoIVDNnArp6Xi-LF1EXQNK2Iw26uv5-qO1_TmC_rft0cDRHbpEIJEbZLKYiWBW085u6h_iRMAL7m5-Vkmbrl5o31Wm-DqVks%3D&xkcb=SoCc67M3osAPMPy6j50LbzkdCdPP,5,Indeed,Data Analyst,1
172,IDT,Marketing Data Scientist,2026-01-20,https://www.glassdoor.com.mx/partner/jobListing.htm?pos=103&ao=1136043&s=58&guid=0000019bd9e75ecb92c70b31bf466401&src=GD_JOB_AD&t=SR&vt=w&uido=A6C9677A21DE3AF98CE6FF54EB8626F6&ea=1&cs=1_7fa56baf&cb=1768887378012&jobListingId=1009888442682&jrtk=5-yul1-0-1jfcuenplj0ot801-9650d41a7490599a,5,Glassdoor,Data Scientist,0
173,unilever,Analista de congeladores,2026-01-20,https://www.linkedin.com/jobs/view/4360836619/?trk=flagship3_job_home_savedjobs&refId=a45c69e0-956c-47d0-afe2-7d72a50a588b&trackingId=mRTI1sgAS8eHFLg4h2zvTQ%3D%3D,5,LinkedIn,Data Analyst,0
174,Dematic,Supplier Data Analyst,2026-01-20,https://www.linkedin.com/jobs/view/4312877556/?trk=flagship3_job_home_savedjobs&refId=a45c69e0-956c-47d0-afe2-7d72a50a588b&trackingId=V8xWFXtYREO24id1IwPw7w%3D%3D,5,LinkedIn,Data Analyst,0
175,Benavides,Analista de Mercados,2026-01-22,,5,LinkedIn,Data Analyst,0
176,Thermofisher,Database Analyst,2026-01-23,https://jobs.thermofisher.com/global/en/job/R-01330643/Argus-Database-Programmer-Analyst,5,Otros,Data Analyst,0
177,Corning,Data Scientist,2026-01-23,https://mx.indeed.com/rc/clk?jk=290262b9a0fb756d&bb=xuwbVVlpCpqmVq0ucmU5c3C_HGviE4ymUDVGSPdje4XgAKyMuSIV93FTzPe9aynTTlyGPJw3-KIaI5ZHrtdfR3TtiDTbuiDahC8tO_WrzOvx8wORj81UHs5lM4sSJMlLW7yDNR8OFDfMZmKseLRblg%3D%3D&xkcb=SoBL67M3o5UhXjAREL0KbzkdCdPP&fccid=fb75933edd65f432&vjs=3,5,Indeed,Data Scientist,0
178,Banorte,Especialista de Datos estrategia Jr,2026-01-23,https://mx.indeed.com/rc/clk?jk=9c6e32e475fe28a0&bb=kF4s4TtQM_zy58i3k_lFEN_a4B5rsFPBFA3Z4LTninvYxWkub-zYMHJZ628g2jaUMOYH1htEMHdYL8jnRdXlQ2chiFDrOKqUvNUhiaqgjqcAg8d6N_kxMSFpFhfrM5ha2kFsh4jGXAwBuAEBYuTVLFkMWFBk03kz&xkcb=SoBD67M3o7iA9oy7SB0LbzkdCdPP&fccid=12e17ece3aa8f9b9&vjs=3,5,Indeed,Data Analyst,1
