Aplicación,Empresa,Plataforma,Fecha,Descripción de experiencia,Resultado al momento,url,Bolsas de presencia: ,Detalles,,Junta ARC
1,Idis,linked in referido ARC,,,aplique,,,,,1
2,Amaris,linked in referido ARC,,,Decidieron no continar se quedaron los datos,,,,,1
3,Smilepill,linked in referido ARC,,,aplique,,,,,1
4,Adam Milo ,linked in referido ARC,,,aplique,,,,,1
5,Incode,linked in data search - greenhouse,,,Apliqué ,https://job-boards.greenhouse.io/incode/jobs/5675386004,greenhouse,Rol en inglés. Cover letter. ,,2
6,ITJ ,Data Scientist ,,,Apliqué ,https://www.linkedin.com/jobs/view/4312154884/?eBP=CwEAAAGZ7wwVxEfeAh8Jr6_dIXcE43uKgTBKjwxqAbbSvgLlnKN0i-6L0ekboGQeOJN8Dw-Gj8n-gJKkuPv6ctX-WOJXcqx1G7M9Jg41mOVvhX18pc3R8ZsczARRofm922lWyHlf5QXAyMtGdnSRD7bqtr_zZTV6bipqWe3F2bPWRxQY7BIjAzwFTwD9NXKr5J-lkfylMtGzd8HE2W9xo25OaJxXcsz0GavkL5aeq5S_WeVeJIBMFZM6vbluyHqn1KycUjdFczUCZ9-m2cDBTYO7-kuFGA1ueCHSUM1UhGcRwRTF60As729B4SJoKsUW3QwAP6iG4gyRRDEouoZ8Zg1Z23-YGVEXg8g5stFKnTWJTNk2xJ6xuuqMs__Chhd857OINZKRCUVHJSfSOrbeMe4RC5z2MO02b06t0qarch6FawHzwgAoMal37OqsH0b9vv4uTrC-DbEjzZcFVrfPG_wo8ygDVskfbYYKzqP6&refId=BjcjPS77d9K9pKRDsiwnbQ%3D%3D&trackingId=lkR3ZtzArE0aBDWblaV%2BVA%3D%3D,linkedin,Inglés,,2
7,ATOS,Data Scientist ,,,Apliqué ,Prashant.Tripathi@atos.net,linked in message,Inglés,,2
8,Grupo Salinas,Científico de Datos Jr,,,Apliqué ,,Computrabajo,,,2
9,Inavant,Científico de Datos ,,,Apliqué ,,Computrabajo,,,2
10,Grupo Caliente,Científico de Datos,,,Apliqué ,,Glassdoor,,,2
11,Encora,Data Scientist,,,Apliqué ,,greenhouse,,,2
12,Concentrix ,Data Scientist ,,,Apliqué ,,linked in,,,2
13,capgemini,Data Scientist or Data Analyst,,,Apliqué ,,linked in,,,2
14,Tekton labs,Jr Data Analytics,,,,,,,,2
15,Alten,Data Analyst & Coordination Jr,,,Apliqué,,Linkedin ,,,2
16,Packsys,Ingeniero de datos,,,Apliqué,,Glassdoor ,,,2
17,Caliente Casino ,Científico de Datos ,,,Apliqué,,Glassdoor ,,,3
18,Stefanini Latam,Data Scientist,,,Apliqué,https://www.linkedin.com/jobs/search/?currentJobId=4317491449&keywords=bioanalytics&origin=BLENDED_SEARCH_RESULT_NAVIGATION_JOB_CARD&originToLandingJobPostings=4323903504%2C4298686692%2C,Linkedin ,Español,,3
19,Steris,Intern,,declined,Apliqué,https://career4.successfactors.com/portalcareer?_s.crb=L68gNJvSpDTCne22DyGkl9cCsq3rm77Iim12GBcCnh8%253d,Linkedin ,"Cerca de mi casa 20 minutos, empresa grande, cover letter. ",,3
20,Sigma ,Practicante de Data Analytics,,,Apliqué,https://www.linkedin.com/jobs/search/?currentJobId=4314518840&keywords=bioanalytics&origin=BLENDED_SEARCH_RESULT_NAVIGATION_JOB_CARD&originToLandingJobPostings=4323903504%2C4298686692%2C4323971974&start=25,Linkedin ,Cerca de mi casa. híbrido. Hablé con reclutadora.,,3
21,Flister Reclutamiento Comercial ,Business Intelligence,,,Apliqué,https://mx.indeed.com/viewjob?from=app-tracker-post_apply-appcard&hl=es&jk=86ca47744766d585&tk=1j8bpkcojmn7786m,Indeed,"Híbrido, financiero. SQL, BI, EXcel. ",,3
22,Farmacias del ahorro,Científico de Datos y visualización,,,Apliqué,https://fahorro.wd3.myworkdayjobs.com/es/oportunidades_fdahorro/userHome,Indeed,"Datos farma y consumo. Python, BI. ",,3
23,Best Egg,Data Scientist,,declinado,Apliqué,https://jobs.lever.co/BestEgg/7d2cf121-74a3-4409-a116-96a070744d15/thanks,Remote,"Servicios Financieros. Python, BI. ",,3
24,Lindee,Data Analyst,,,Apliqué,"https://www.linkedin.com/jobs/search/?currentJobId=4307916919&geoId=105701034&keywords=""Data%20Analyst""&origin=JOB_SEARCH_PAGE_SEARCH_BUTTON&refresh=true",Linkedin ,"Química y análisis. Python, BI. ",,3
25,Hone,Data Science intern. Healthcare and longevity. ,,,Apliqué,https://job-boards.greenhouse.io/honehealth/jobs/4945568008/confirmation,,Esta me encantó. ,,3
26,Sigma ,Practicante de Ciencia de Datos,,,Apliqué,https://www.linkedin.com/jobs/view/4319532084,linked in ,,,3
27,Grupo Caliente,Analista de datos,,,Apliqué,https://mx.computrabajo.com/trabajo-de-analista-de-datos-en-nuevo-leon#03538F50A83791CC61373E686DCF3405,computrabajo,,,3
28,E contact,Analista de datos,,,Apliqué,https://mx.computrabajo.com/trabajo-de-datos-en-monterrey#59359C58CD2B2E1461373E686DCF3405,computrabajo,"En obispado. Generación de KPI, dashboards y manejo de bases. ERP u otros, SQL, Python, BI ",,3
29,Artefact,Científico de datos jr ,,3 semanas en contactar desde 29/10/25 o declinado. ,Apliqué,"https://www.linkedin.com/jobs/search/?currentJobId=4283427319&f_WT=2%2C3&geoId=92000000&keywords=""scientist""&origin=JOB_SEARCH_PAGE_SEARCH_BUTTON&refresh=true&spellCorrectionEnabled=true&start=25",linkedin,"Cover Letter. Jr. Python, BI, SQL. ",,3
30,CLEBER,Practicante de Desarrollo en Tableau ,,,Apliqué,https://mx.smartapply.indeed.com/beta/indeedapply/form/review-module,indeed,Medio tiempo. 9K a 12K. Requisitos son tener bases de análisis y visualización. Se puede aprender ahí. 15 minutos de trayecto. ,,3
31,Rackspace technologies,Data Engineer Trainee,,,Apliqué,https://jobs.lever.co/rackspace/be8898d4-783d-400e-b25d-18784e273d11/apply,remote,"AWS, Python, SQL. Fuente de desarrollo enorme por mentoría por expertos, completamente remoto y con consideración flexible de competencias. ",,3
32,Constructor,A/B testing and customer onboarding. ,,,Apliqué,"https://www.glassdoor.com.mx/job-listing/data-analyst-ab-tests-and-customer-onboarding-remote-constructor-JV_KO0,52_KE53,64.htm?jl=1009883440664&cs=1_7b4c0e42&s=58&t=NS&pos=105&src=GD_JOB_AD&guid=0000019a32a356f79e13ec1bbcff3632&uido=A6C9677A21DE3AF98CE6FF54EB8626F6&jobListingId=1009883440664&ea=1&ao=1136043&vt=w&cb=1761786156978&ctt=1761786160516",glassdoor,"SQL, Python, Bi. ",,3
33,Insight Global,Data Scientist,,,Apliqué,"https://www.linkedin.com/jobs/search/?currentJobId=4319115179&f_WT=2%2C3&geoId=92000000&keywords=""scientist""&origin=JOB_SEARCH_PAGE_SEARCH_BUTTON&refresh=true&spellCorrectionEnabled=true&start=100",linkedin,Need to rush BI. ,,3
34,,Administrative Assistant,,,Apliqué,,linkedin; Daniela Mejía,,,3
35,,Científico de Datos Jr,,,Apliqué,,linkedin; Gibran Jair,,,3
36,Grupo Ti,Cientifico de Datos,,,Apliquè,https://mx.computrabajo.com/trabajo-de-data-scientist#C6DB711FA4BB7C3261373E686DCF3405,ct ,ana.gonzalez@grupotimexico.com.mx,,3
37,Helicon,Analista de datos,,,Apliqué,https://mx.indeed.com/?from=gnav-applymgt--app-tracker-webapp&vjk=303bb58b66316c28,indeed,,,3
38,Scalepex,,,,Apliqué,https://mx.indeed.com/viewjob?from=app-tracker-post_apply-appcard&hl=es&jk=e01ab1e6178fc83a&tk=1j98n07ftgiqj800,indeed,,,3
39,Robles venture,,,,Apliqué,https://www.occ.com.mx/empleos/de-cientifico-de-datos/en-nuevo-leon/?smax=30000&smin=20000&jobid=20775216,occ,,,3
40,Informática de América ,"PowerBI, SQL, Python ",,,Apliqué,https://www.occ.com.mx/empleos/de-sql/en-nuevo-leon/?smax=30000&smin=20000,occ,,,3
41,Monterrey IT cluster,Analista de Gobierno de Datos Jr,,,Apliqué,https://www.occ.com.mx/empleos/de-sql/en-nuevo-leon/?smax=30000&smin=20000&page=2&jobid=20807811,occ,,,3
42,,analista de datos,,,Apliqué,https://www.occ.com.mx/empleos/de-sql/en-nuevo-leon/?smax=30000&smin=20000&page=4&jobid=20734889,occ,,,3
43,daltile,Ingeniero de mantenimiento predictivo de datos,,,Apliqué,https://www.occ.com.mx/empleos/de-sql/en-nuevo-leon/?smax=30000&smin=20000&page=5&jobid=20747826,occ,,,3
44,improvado ,Analyst Jr,,Elena Yakimova,Apliqué,"https://www.linkedin.com/jobs/search/?currentJobId=4334552263&geoId=105701034&keywords=""data%20scientist""%20&origin=JOB_SEARCH_PAGE_LOCATION_AUTOCOMPLETE&refresh=true",linkedin,"4ta ronda 14/6/2025 9 am, sergey.manaev@improvado.io; mejorar en sql pero fuera de eso cool. ","Después de 4 rondas, decidieron no continuar con mi candidatura. ",3
45,Remoto workforce,Data Analyst,,,Apliqué,https://www.linkedin.com/jobs/collections/hiring-in-network/?currentJobId=4334451319&originToLandingJobPostings=4337723997%2C4316359205%2C4312344857,linkedin,,,3
46,Thermofisher,Associate Patient Data Specialist,,,Apliqué,https://jobs.thermofisher.com/global/en/job/R-01322182/Associate-Patient-Data-Specialist?rx_ch=jobpost&rx_id=27c16dca-b41b-11f0-b7ab-1f1305eec847&rx_job=R-01322182_rxr-1&rx_medium=post&rx_paid=0&rx_r=none&rx_source=linkedin&rx_ts=20251106T024003Z&rx_vp=linkedindirectindex&utm_medium=post&utm_source=recruitics_linkedindirectindex&refId=34jd24&rx_viewer=19b926969a9e11f0bab0519aba7cb30fbcb9baffaa004f5e900c0dd1a7e39bf0,linkedin ,,,3
47,Nielsen IQ,Data Scientist - Intern,,,Aplique,https://www.linkedin.com/jobs/view/4320714412/?refId=VfnaOShJT0ucAQIKyQIjhA%3D%3D&trackingId=HL%2FfpXHsT%2BST%2Bn%2Bgv6fO8Q%3D%3D,linkedin,,,3
48,Randstand,Data Engineer Jr.,,,apliqué,https://www.linkedin.com/jobs/view/4340082946/post-apply/default/?postApplyJobId=4340082946&refId=X%2FolXbbdty%2BQyCMQ33%2FQWg%3D%3D&trackingId=X%2FolXbbdty%2BQyCMQ33%2FQWg%3D%3D,linkedin,,,3
49,Genestack ltd,Scientific Data Curator,,,Apliqué,https://torre.ai/post/OwGXgV3d-genestack-ltd-scientific-data-curator?t=1762977827996&r=CvM7NtCW,torre ai,,,3
50,Thermofisher,Associate Patient Data Specialist,,,Apliqué,https://www.linkedin.com/jobs/collections/recommended/?currentJobId=4318944847,linkedin,,,3
51,UNOSQUARE!!,Data Engineer Jr.,,,Mandé currículo y mensaje. ,"Post, Jaqueline Chavez; le mandé el CV",linked in ,,,3
52,,,,,,,,,,3
53,Hector Sosa,Data AI engineer,,,En proceso ,,,,,3
54,E connect,Cientifico de Datos,,,APliqué ,https://mx.computrabajo.com/trabajo-de-analista-de-datos-en-nuevo-leon#BB13120EE2E29A2561373E686DCF3405,CT,,,3
55,Sigma,Analista de bases de datos,,,,https://www.linkedin.com/jobs/collections/recommended/?currentJobId=4321219290,linkedin,María Elena Vásquez Avila,,3
56,Banregio,Ciencia de Datos y analítica,,,,https://www.linkedin.com/jobs/search/?currentJobId=4318928919&geoId=105701034&origin=JOB_COLLECTION_PAGE_LOCATION_AUTOCOMPLETE&refresh=true,,,,3
57,Scalepex,Data Scientist,,,,https://www.linkedin.com/jobs/collections/remote-jobs/?currentJobId=4281921381&discover=recommended&discoveryOrigin=JOBS_HOME_JYMBII,,,,3
58,IDS comercial ,Data Analyst,,,,https://mx.computrabajo.com/trabajo-de-analista-de-datos-en-nuevo-leon?p=2#03F9F0D76B99F62F61373E686DCF3405,CT,,,3
59,Mucho Red,Data Analyst,,,,https://www.occ.com.mx/empleos/de-data/en-nuevo-leon/?smax=30000&smin=20000&jobid=20843995,OCC,,,3
60,grupo ayvi,Analista de datos,,,,https://www.occ.com.mx/empleos/de-data/en-nuevo-leon/?smax=30000&smin=20000&page=2&jobid=20839769,occ,,,3
61,Invisible,Stem Specialist - AI trainer,,,,https://job-boards.eu.greenhouse.io/agency/jobs/4606955101?gh_src=4551efb2teu,Linkedin,,,3
62,Genestack,Bioinformatic development,,,,https://www.linkedin.com/jobs/search/?currentJobId=4232818069&f_C=2896685&geoId=92000000&origin=COMPANY_PAGE_JOBS_CLUSTER_EXPANSION&originToLandingJobPostings=4225882218%2C4232818069%2C4291364285%2C4281246163%2C4303819404%2C4271585263%2C4314082291%2C4210021043%2C4340652874&trk=d_flagship3_company_posts,linkedin,,,3
63,Tort Experts,Data Analyst,,1era ronda pasada. 2da en proceso. ,,https://mx.indeed.com/?from=gnav-jobseeker-profile--profile-one-frontend&vjk=531377429752fd40,indeed,"1era ronda completada. Psicométricos, habilidades de razonamiento. 40 minutos. Por recibir correos de seguimiento en gmail. ",,3
64,Caterpillar,Data Scientist,,,https://cat.wd5.myworkdayjobs.com/en-US/CaterpillarCareers/userHome,https://careers.caterpillar.com/en/jobs/r0000332095/data-scientist-santa-catarina-facility/?source=Indeed,indeed,Llenar encuestas para postular. ,Se llenó una encuesta y se volvió a mandar el CV. ,3
65,Improvado,Junior Analyst,,,,https://mx.indeed.com/?from=gnav-jobseeker-profile--profile-one-frontend&vjk=8c6557a37c050af3,indeed,"Se ocupará 30 minutos de una tarea, 2 problemas SQL y otra entrevista con manager de reclutador si deciden continuar con mi candidatura. ",,3
66,Confidencial ,Analista Jr de inteligencia comercial,,,,https://www.occ.com.mx/empleos/de-analista-o-ciencia-de-datos/en-nuevo-leon/?smax=30000&smin=20000&jobid=20840971,occ,,,3
67,Sas,Analista de importación y exportación,,,,https://mx.computrabajo.com/trabajo-de-analista-de-datos-en-nuevo-leon#EB6D732ED5C70B4761373E686DCF3405,ct,,,3
68,ManPowerGroup,Analista de Datos,,,,https://mx.computrabajo.com/trabajo-de-analista-de-datos-en-nuevo-leon?p=2#EA82A268100B828361373E686DCF3405,CT,,,3
69,Paired,Jr. Data Scientist,,,,https://mx.indeed.com/?from=gnav-jobseeker-profile--profile-one-frontend&vjk=680b5cba28bcc60f,indeed,,,3
70,Skydropx,Data Engineer Jr,,,,https://mx.indeed.com/?from=gnav-jobseeker-profile--profile-one-frontend&vjk=15f572f4c7bd4e4b,indeed,,,3
71,Capgemini,FBS Associate Decission Scientist,,,,https://mx.indeed.com/?from=gnav-jobseeker-profile--profile-one-frontend&vjk=4459ed9324ab411d,indeed,,,3
72,Capgemini,FBS Data Analyst-PowerBI,,,,https://mx.indeed.com/?from=gnav-jobseeker-profile--profile-one-frontend&vjk=3b4d616f9c8e31fa,indeed,,,3
73,Impulssamex,Analista de Datos,,,,https://mx.computrabajo.com/trabajo-de-data-en-nuevo-leon,ct,Desventajas trabajo los sábados. ,,4
74,Tecnoap,Científico de Datos,,,,https://www.tecnoap.com/ads/data-scientist-2/,glassdoor,,,4
75,caliente casino,Analista de Datos,,,,"https://www.glassdoor.com.mx/Empleo/nuevo-león-data-analyst-empleos-SRCH_IL.0,10_IS5742_KO11,23.htm",glassdoor,,,4
76,wexpand,Analista de datos,,,,"https://www.glassdoor.com.mx/Empleo/nuevo-león-data-analyst-empleos-SRCH_IL.0,10_IS5742_KO11,23.htm",glassdoor,,,4
77,Lumina Software,Científico de Datos,,,,https://mx.indeed.com/?from=gnav-jobseeker-profile--profile-one-frontend&vjk=07a5931b1e9b5638,glassdoor,,,4
78,Redwood logistics,Data Analyst,,,,"https://www.glassdoor.com.mx/job-listing/data-analyst-redwood-logistics-JV_KO0,12_KE13,30.htm?jl=1009935009131&src=GD_JOB_AD&uido=A6C9677A21DE3AF98CE6FF54EB8626F6&ao=1136043&jrtk=5-yul1-0-1jbegb4uj20cl000-daa7d4f5f4aa8273&cs=1_40862d26&s=58&t=SR&pos=109&guid=0000019add05938fa97dd1a02aed6043&jobListingId=1009935009131&ea=1&vt=w&cb=1764644721877&ctt=1764644763991",glassdoor,,,4
79,Dimex ,Especialista de Ciencia de Datos,,llamar a: 8120003292,,https://www.occ.com.mx/empleos/de-data/en-nuevo-leon/?smax=30000&smin=20000&jobid=20870454,occ,Primera entrevista sondeo de RH. Prepararme sobre la empresa y sobre mi experiencia. ,,4
80,incFile,Artificial Intelligence Research / Data Scientist - Advanced English,,,,https://mx.indeed.com/?from=gnav-jobseeker-profile--profile-one-frontend&vjk=4e1a6f2e433d49cf&advn=9383771290990951,indeed,,,4
81,Tort Experts,BI engineer,,,,https://mx.indeed.com/jobs?q=tort&l=&from=searchOnDesktopSerp&cf-turnstile-response=0.itwmhUV6BzEt_3pQpcnw8IsC4E0U5cTyLHrRU-v0C5EJXea8K5NzCK819K1_iBVcFbXfniflDoQ6WTIN3WL-c7rcbeE6yMbFR1Ei3Ph5LrgexyBRd-mJ7BkhTCDWhP07jpPE87Fbrwkb3ggIYOHNECC84I4EYxeIptpGNtt3nzj3KRwbIxwkuKUsRJ9BhKtvb08Qpzvlb4JWR2mt-LYbz5rXbsM8w1xV1n9l8Q98LmebnPIk78vL1HyxGldPNMi5wmb6N0-Nj7TaQkHwTtDNrRWOvq0-iIRh9Pz6peGTYJdnemSJs43AN7pMvugWP5ObyW0XydFE7at49absFuDhJMcnj1ctBGUSmLNogFVqXVqRtQplBLYvRVAsdGrf_ziV7KjEbIOiRJLUHWOsJ4XWBHPlh9SkQPLgRaFMrzE_eA27BXP2Z5V2qfkTYd9jQVaqkL4yv4rU7pLFlEf_teYfbHNkaY35qmMJ4L6ArDvukav6L-Esma74qkdAeC6-UDdblLV_IWOElSTV2Yz6XRYEWb02FDPkTo3A7bRehmmuv37WLSF327Kba5puIhILDcQhrpA_ucIXsdtK8ONtysx0lJqBjU92xM1AM2hNsVmzugSpG0y-YT8tb1IqEcqi7AAHeDionNxTgwfTUv8zBqRRv5C-XH68pizTFbPrz0qStecZhItceT1EZCuqkDU_8uSLmJKYgM6nbEXbc_mt1QIrVzV602LMMjPIMWZ4HO9Xi5N1VlWaMRhLPtSGPOPe6e3YdqJqXcVh5mlnnMiEeNS8TvlbSesHiIducAF-yg0XLA5dvnFx3WJ05pPaGmc0pAwWG7cVn-YItRTILCUB1nmq0JzkH1WtMYwSjVvixs_GwvcwWdddAK3tLQ4PgLTu3jzlqG8qtiyfHwuSUxmdo81AA7LmreFbYhWLt5Mk5fAqzhs6MKh_tb7gfMqJHEGnQOr-EkizFwKedsMIGqs0W_MOSA.w-nrsfaocTnvFuxOXNDSzQ.689fadc08ad32472677cf4490473a95043050087e332cdbc423e3ca78333e8ec&vjk=d3674498fd89feba,indeed,,,4
82,Informática Sa de CV,Analista Desarrollador,,,,https://mx.computrabajo.com/trabajo-de-data-en-nuevo-leon#5BF6B56765A5811E61373E686DCF3405,ct,,,4
83,ManPowerGroup,Analista de Datos,,,,https://mx.computrabajo.com/trabajo-de-data-en-nuevo-leon?p=2#63DE261C45FA885C61373E686DCF3405,ct,,,4
84,Tecnológico de Monterrey,Especialista en análisis de datos,,,,https://www.occ.com.mx/empleos/de-data/en-nuevo-leon/?smax=30000&smin=20000&jobid=20876169,occ,,,4
85,Avahi,Data Scientist,05/12/25,,,https://www.linkedin.com/jobs/collections/recommended/?currentJobId=4336254692,linkedin,,,4
86,Baufest,Data Reporting Analist,05/12/25,Brighitte Avila;Hablé con ella,,https://www.linkedin.com/jobs/view/4337010282/?alternateChannel=search&eBP=CwEAAAGa7_apgNkWRTvUXwFKHWc_Ils3rQZHm5njv7YFbmgykfv2-Y6WClhNomnJJErzPngfXI2IVZo1GJK8HXySgkhUCUA28XD9s9V7-h-OUpfLJwO77fBYcHI2a_MSq9nCWLMrqYPvOlGmgtV-bDViLgJzrgPutLKF4V5lFw8TdbGIzFMFo_kF16pwkfXwUEi0QoGmhr1uBb0uJMhAJdNNp1Lj0CAV6tN65KPcGyMXv6Ii_4lFWsjSKnwEA5Q7cEcVCbl-i-cx_OcwXHCWDpvdZQCZ-5f2sQxqbrs7Qda0wV8xieacxftzFAHE9hCOnuKEEjSs1RSOWM-JcW8wJ0z9pMC8m1GlxDC4sf1Arj3uPaWMoUT86OvamzKKvCEJtg7Wm5kt_dV7WXITz_VueQAHnxVWR3S5Y5o0vTWj6qlNUgS5DU4UY2MGwKdSUExTbBh863XsirCSmOqxa86kr9CZYN6h6RiUsSdOx8RoiB0sXRwbuvDl&refId=dSNkGS6VtnRtyarcju9XNA%3D%3D&trackingId=1oak46OEOU%2F9Z8zF8Zf6KA%3D%3D&trk=d_flagship3_jobs_discovery_jymbii,linkedin,,,4
87,Dematic,Jr. Data Base,05/12/25,Elizabeth Hernández; Hablar con ella,,https://www.linkedin.com/jobs/view/4324416598/?alternateChannel=search&eBP=CwEAAAGa7_apgNFQMQ88SfZNXamsRJM9Ggv48LwRaIG5AXfkjyWVde73DVOkdtVZOneG400tegcDCMK4Ip_fG3En7a55NVihLsl16w5gOmAM48XuuXcSeVK8e1ccZRZNyKYP2iI_9m3yztckHWrSHGd0XvZB7309QdvzWfVsmtkj2qevDC6ESFuoqcUA33Dzbjj3euulfODZgz-ljk_R93ZT78GVm8wiZMAKqdcrrmrxe4NmFLKg0W3yid3kvqeJDHMWuuAD7VsIdSMzVcuDWaA2TZCkyFNIR6Z6_K5HvN0E_9mZLaMKjvzUzCe4SxUlvxgjJOTx4uc6p4pnkoLhzj5lJuzF0PxOdJh1uYX57_jBEvavEY1VSktzgw15evMXYlCNIvOaEXaWxfj96_At5ooIpNOtnal6Jseuh5Mq249_WkFYn7omOfecRU_Kobu_JfvtjvhzQOkjdnVrNVQ-DjZI4Su3jPV6Tet-ig6XFAYc194p0A&refId=%2BkntYey8NXuN02P%2B8jFXmg%3D%3D&trackingId=sn%2FmiiOZD0V2w6a9LMZjzQ%3D%3D&trk=d_flagship3_postapply_default_confirmation,linkedin,,,4
88,Artefact,Analytics Engineer México,05/12/25,No hay opción para hablar/reclutador(a) listado en la posición,cerró posición no se movió para adelante. ,https://www.linkedin.com/jobs/view/4268646729/?alternateChannel=search&eBP=CwEAAAGa7_apgX--3seXP1uvt02ichPcSOyP0QcoKDv_EDRiI6MIMc4W9N764cmB2e-pDa6ewUWnwumnXYoxIL-zGKY6uYwljx5ZFjJIEg_nD7JsiaCH-qZxqLU_Ap9H4aGX8bh6bHMVOaq94qyrwNQtx-h8ZELkwnGuilhwytOk-N62CB_cX-B6oMCKoPgRvonWr9noexQ2gqXM_aEn_faG1ktmR_HN_wpnGSf8pqu051r-_NiJbsPfwowZ-bb1sB6xggiou9GLe1lEVV88ZXgOVa9OICdfp6b02ifEb62BNhF2VdNoj2tC-lBI88UPyEHgtVHkKxSHnEoD9-rMLDrDg8dkRsFcW_-69LbJW5once3sPT8b34Ct--7qggab5f-PyzbWjnvbw1vphQ00PVs8dtcT8qWMhQ60viVL6ca2Pcg9Cba0IG3mjpqvBIClV9bmOQRbOa9zjlaw2lmG5TCY7qj6Adt1204J3tXd2AwI-7oOqA&refId=%2BkntYey8NXuN02P%2B8jFXmg%3D%3D&trackingId=wueHAxXcYCqwABw9WTOI%2FA%3D%3D&trk=d_flagship3_postapply_default_confirmation,linkedin,,,4
89,workspark,Media Operations Analyst,08/12/25,,,https://mx.computrabajo.com/trabajo-de-data-analyst-en-nuevo-leon#ADEEC86D5B94894561373E686DCF3405,ct,,,4
90,Capgemini,FBS Report Builder,08/12/25,,,https://mx.indeed.com/?from=jobsearch-empty-whatwhere&vjk=3238b549763edf74,Indeed,,,4
91,Phrac international,Business Analyst,09/12/25,,,https://www.occ.com.mx/empleos/de-data/en-nuevo-leon/?smax=30000&smin=20000&jobid=20868111,OCC,"healthcare, buena paga, 2 días remoto, en MTY. ",,4
92,Capgemini,Data Scientist,09/12/25,,,https://mx.indeed.com/?from=jobsearch-empty-whatwhere&vjk=5dcdf912480597a9,indeed,,,4
93,Dimex ,Especialista de Ciencia de Datos,10/12/25,Arlette Citlali Guadalupe Navarro Juarez. Correo por Gmail. ,,https://www.occ.com.mx/empleos/de-data-science/en-nuevo-leon/?smax=30000&smin=20000&jobid=20870454,occ,,,4
94,ODIX,Data Scientist,10/12/25,,,https://www.occ.com.mx/empleos/de-data-science/en-nuevo-leon/?smax=30000&smin=20000&jobid=20844719,occ,buena paga. ,,4
95,Lumina Software,Data Scientist,10/12/25,,,https://www.occ.com.mx/empleos/de-data-science/en-nuevo-leon/?smax=30000&smin=20000&jobid=20849017,occ,,,4
96,Monterrey IT cluster,Científico de Datos JR,10/12/25,,,https://www.occ.com.mx/empleo/oferta/20862662/?returnURL=empleos%2fde-data-science%2fen-nuevo-leon%2f%3fsmax%3d30000%26smin%3d20000%26jobid%3d20849017&sec=sim&simval=0.0#lc=OfferDetail-Similars-3,occ,,,4
97,Tecnoap,Data Scientist Jr,10/12/25,8127455724,,https://www.occ.com.mx/empleo/oferta/20801671/?returnURL=%2fempleos%2fde-data-science%2fen-nuevo-leon%2f%3fsmax%3d30000%26smin%3d20000%26jobid%3d20849017&sec=sim&simval=0.0#lc=OfferDetail-Similars-2,occ,,,4
98,Braintrust,Biology Expert W Python,10/12/25,,,https://www.linkedin.com/jobs/view/4324378706/?alternateChannel=search&eBP=NOT_ELIGIBLE_FOR_CHARGING&refId=bhbjqH5LFhG%2BjVXkU30YrA%3D%3D&trackingId=sJc93GpP%2FuaNIyJkYTT1rA%3D%3D&trk=d_flagship3_search_srp_jobs&lipi=urn%3Ali%3Apage%3Ad_flagship3_search_srp_jobs%3BO15yBQHiR22o2w2Uy6KONQ%3D%3D,linkedin,"freelance, did an assesment",,4
99,Dtroy,Analìtica de costos y Data Science,11/12/25,,,https://www.occ.com.mx/empleos/de-data-science/en-nuevo-leon/?smax=30000&smin=20000&jobid=20849072,occ,,,4
100,Envia flores,Marketing Insights Specialist,11/12/25,,,https://www.occ.com.mx/empleos/de-data-science/en-nuevo-leon/?smax=30000&smin=20000&jobid=20884591,occ,"Es SQL, Python, Dashboards (BI). ",,4
101,Fultra,Analista de Datos,11/12/25,,,https://www.occ.com.mx/empleos/de-data-science/en-nuevo-leon/?smax=30000&smin=20000&jobid=20871236,occ,,,4
102,Mucho Red,Data Analyst,12/12/25,,,https://www.occ.com.mx/empleos/de-data-science/en-nuevo-leon/?smax=30000&smin=20000&jobid=20843995,occ,,,4
103,Xploy Solutions,Data Analyst,12/12/25,Lipa Schartz (mandè mensaje),,https://www.linkedin.com/jobs/search/?currentJobId=4326425855&geoId=92000000&keywords=bio&origin=JOB_SEARCH_PAGE_JOB_FILTER&refresh=true&start=50,linkedin ,,,4
104,Farmacias Benavides,Desarrollador BI,12/12/25,,,https://www.linkedin.com/jobs/search/?currentJobId=4342644172&geoId=92000000&keywords=bio&origin=JOB_SEARCH_PAGE_JOB_FILTER&refresh=true&start=50,linkedin,,,4
105,Data Annotation,Anotación de prompts,15/12/2025,,,https://app.dataannotation.tech/workers/starter_assessment_complete,linkedin,freelance (se tienen que esperar proyectos. ,,4
106,Mercor,Academic Research Specialist,15/12,,,,linkedin,,,4
107,Helix and Co,Jr. Data Analyst,15/12,,,https://www.linkedin.com/jobs/search/?currentJobId=4343742504&geoId=92000000&keywords=data&origin=JOB_SEARCH_PAGE_SEARCH_BUTTON&refresh=true,linkedin ,,,4
108,joinrs,Ciencia de Datos,16/12,,,https://www.joinrs.com/es/job-offers/438208/?utm_source=linkedin&utm_medium=job-offer-es&utm_campaign=438208-internal,linkedin ,"Como baires dev, apliqué a una candidatura si tienen puestos afines me contactarán. ",,4
109,Indi,Power Bi Junior Analyst,16/12/25,Margareth Martins de Almeida,,https://www.linkedin.com/jobs/search/post-apply/default/?currentJobId=4343816631&geoId=92000000&keywords=data&origin=JOB_SEARCH_PAGE_SEARCH_BUTTON&postApplyJobId=4343816631&refresh=true&start=75,linkedin,,,4
110,Toloka AI,Biology Expert AI,16/12,,,https://app.usebraintrust.com/jobs/16455/proposals/1342562/edit/?back=%2Ftalent%2Fdashboard%2Fmy_jobs%2Fmy_proposals,braintrust,,,4
111,Braintrust,Biology Expert,17/12,,,https://app.usebraintrust.com/talent/dashboard/my_jobs/my_proposals,braintrust,,,4
112,Pfizer,Data Science Associate,17/12/251,,,https://pfizer.wd1.myworkdayjobs.com/en-US/PfizerCareers/job/Data-Science-Associate_4948239-1,"joinrs, aplicación en el siito de pfizer. ",,,4
113,E solutions,Full time Data Scientist,17/12/25,Pramod Singh,,https://www.linkedin.com/jobs/view/4344172320/?alternateChannel=search&eBP=NOT_ELIGIBLE_FOR_CHARGING&refId=tgOUAZkGBi1pZBgBosAskA%3D%3D&trackingId=UW7vA%2BpxnPoyQ1rYe256gg%3D%3D&trk=d_flagship3_postapply_default_confirmation&lipi=urn%3Ali%3Apage%3Ad_flagship3_search_srp_jobs%3BDXJt0ndCTGmynzRpwGfWvQ%3D%3D,linkedin ,,,4
114,work vista,Data Analyst,18/12,,,https://www.linkedin.com/jobs/search/?currentJobId=4343888075&geoId=92000000&keywords=data&origin=JOB_SEARCH_PAGE_SEARCH_BUTTON&refresh=true&start=175,linkedin - outlier,"took some tests (english 20 minutes, )",,4
115,Mindrift,Biology Expert with Python ,18/12,,,https://apply.workable.com/toloka-ai/j/B622F0E113/,linkedin-mindrift,,,4
116,tecnoap,Data Scientist,18/12/25,8127455724; contacto@tecnoap.com,,https://www.tecnoap.com/ads/data-scientist-2/,,,,4
117,talexa,LLM Biology and Python,22/12/25,,,https://mx.indeed.com/jobs?q=data&l=Nuevo+Le%C3%B3n&from=searchOnDesktopSerp&cf-turnstile-response=0.OZqNfM0bduocTqWQvZhlQKJGCpTBk1bU7Rz_s8I1kHmsw4wOlVffxrD1HSI5usB4naqZRgl_ogzBiiC2-OyUOkPBFPm7nEUShnMN-qlf-6HgpmAffxCIoxd95Hcecste8fHuLYrdsVrmzVyvkgahn2Qtn93gqWFjHpQR7DXiPxzTvoWSu-Ua5fmbcj2Bo0C6NIN-JcrwuAWazd77q4qBhrcyqNFYwJ2yNsW-bnU5csRSM-MTfGwTxNPblGBK5x1_VrgbDRbtAzLvS4u6U2eW1jPGTP2JC0AjKbWuR96BcwdUfd0rVQE3Kb5JmCaYYDF7v-Jtp8ChPjD_33Ua4gvh2MrYIDePp9ZjhoihBpZSc2Q3I0tE34SYp1r0YR2fETYR36iXF33zExbuXzlHWgrP1zB4SYGiPbhbo1t5Kh6iL22Ipv8ViOqkXl7lnQi_UdWLB2BSfhOZvGAPe0ylKhSQ4zhmQTERkYFm3raWtszrWcIp36KWJRVdQPFeZhe8lJ5vVR5UiNu5y89PRyttKy89LpQywd3D4Hu7PG5EE4NDB9pfo5erqtH4cL-liHqCpPs_cL9uzt46_-AzllsHJmT4-hcx5tgUNj6tzWLQbqcMdB_NbkADig-ag_vuKPh6kjOGgFIogCDsssT2johhX3XR-IYfJwROM6lW4CvPj4rdOcC7woTBpNIUFrmNqON1tEINz8ZWtZgdxc3jQB2YpfIjsiD4AtRAeyRJJOF4tYCAy8X9IU710aPtwMCeNKuNKWPcn9Kvo-xMRU_LDr0wy5o3tm4jcCM0tHYtoCSN9a9JkFHbq2mixQsqGUwzCZhEMvzBM9DwGVB4koQx2kAv9PVozcsINodY1VYxRxH2Za78m4QXxRN6M5Tr1gaqNzRi4RG9DoiNg01TiWIR-b0CnlFUM9mnwPYPYx5KPzL-A6hNJJgfS2Gn9JmmmkawyFkXTUW0rHl9_YJDbSrAHOOpvbrYjQ.MqFvu9MO8V_2xAfZ3BNYTA.3a8a732fbafaaa1b6fe5adf35a1a6f97c878cb0bc6122d073c9361332901a967&vjk=d491a556df5c5b75&advn=8937613017401953,indeed ,,,4
118,Proximo,Data Specialist,22/12/25,,,https://www.glassdoor.com.mx/partner/jobListing.htm?pos=104&ao=1136043&s=58&guid=0000019b48a7ca85adb0f31b638a1494&src=GD_JOB_AD&t=NS&vt=w&uido=A6C9677A21DE3AF98CE6FF54EB8626F6&ea=1&cs=1_16e8e12e&cb=1766450514788&jobListingId=1009964036082,glassdoor,,,4
119,Movit SG,Científico de Datos,22/12/25,"LinkedIn: Yazmin Javier Martinez, Mail: yazmin. javier (a) movit- sg. Com, Cel / WhatsApp: 8125783196",,https://www.glassdoor.com.mx/Empleo/index.htm,glassdoor,,,4
120,Movit SG,Analista BI,22/12/25,hablé por whatsapp misma reclutadora,,https://www.glassdoor.com.mx/partner/jobListing.htm?pos=108&ao=1136043&s=58&guid=0000019b48b435ecb76372f15863125a&src=GD_JOB_AD&t=NS&vt=w&uido=A6C9677A21DE3AF98CE6FF54EB8626F6&ea=1&cs=1_0dd11e89&cb=1766451329669&jobListingId=1009961195299,glassdoor,,,4
121,SB ,Research & Insights Analyst,23,,,https://www.glassdoor.com.mx/partner/jobListing.htm?pos=107&ao=1136043&s=58&guid=0000019b7baa12e790c6aababb5fb960&src=GD_JOB_AD&t=NS&vt=w&uido=A6C9677A21DE3AF98CE6FF54EB8626F6&ea=1&cs=1_25532fc1&cb=1767306302609&jobListingId=1009976311586,glassdoor,,,4
122,Afasit,Analista de datos,23,,,https://www.glassdoor.com.mx/partner/jobListing.htm?pos=103&ao=1136043&s=58&guid=0000019b7baf7a2394316a20f995de01&src=GD_JOB_AD&t=NS&vt=w&uido=A6C9677A21DE3AF98CE6FF54EB8626F6&ea=1&cs=1_314b8685&cb=1767306656598&jobListingId=1009983162334,glassdoor,,,4
123,Jhonson Control,Data Analyst,31/12/25,,,https://apply.johnsoncontrols.com/johnsoncontrols/johnson-controls-es/job-data-analyst-ptp/512451/confirmation,glassdoor-sitio de la empresa,,,4
124,Amazon,"Data Analyst, Worldwide operations",31/12/25,-,,https://www.amazon.jobs/jobs/3149010,sitio de la empresa,1 hora de evaluación con simulaciones y grabaciones a ser evaluadas. ,,4
125,ICON,Data Analyst,1/1/26,,,https://iconn.csod.com/ux/ats/careersite/1/requisition/24845/application?c=iconn&sq=MOP0034001&jobboardid=0#4,sitio de la empresa,,,4
126,Pepsico ,Data & Modeling Analyst,1/1/26,,,https://www.pepsicojobs.com/main/jobs/425274/job?utm_source=indeed_integration&iis=Job%20Board&iisn=Indeed&indeed-apply-token=73a2d2b2a8d6d5c0a62696875eaebd669103652d3f0c2cd5445d3e66b1592b0f&codes=1-INDEED,sitio de la empresa,me uní a la comunidad de talentos para recibir seguimientos y ofertas futuras.,,4
127,Manuable,Analista de Costos y rentabilidad,1/1/26,,,https://www.glassdoor.com.mx/partner/jobListing.htm?pos=107&ao=1136043&s=58&guid=0000019b7c52127bafbf6a9a9bdcf0e4&src=GD_JOB_AD&t=NS&vt=w&uido=A6C9677A21DE3AF98CE6FF54EB8626F6&ea=1&cs=1_dbdec45f&cb=1767317312338&jobListingId=1009974382444,glassdoor,,,4
128,Autofin,Analista de Datos,2/1/26,,,https://mx.computrabajo.com/trabajo-de-data-en-nuevo-leon#A9001D6BB4827DAC61373E686DCF3405,ct,,,4
129,Confidencial ,Data Entry,2/1/26,,,https://mx.indeed.com/jobs?q=data&l=Nuevo+León&from=searchOnDesktopSerp&cf-turnstile-response=0._UacxWcrO4j_taz0gpi2QUGoyltBV2TvfYL-AZ6jsK3foAdK86WR_uCKWN9WYTRRjh5DSvsyooadBkjvM7hW7rHW48cOQyk1hZTp1hmQiDj5nuCoMJOUofDsFqlQmrvm4N7tPtj6y4bTOFnl3BP1oAPPJZbCBMg_Dw94BuiELseywkr8T_d5910OQ0uvj5P4pSt5P2tMqDEfUUZFcDwoU3fWOUmrFzL3TEvaVuAVzw5UHrETbB4v4CYoVo5rlNUdKpxK7qRGrbSyU6eCi01VuUgTkBV_QMejjbd17JzY10hBC-U4KVkaIsVENcPj4_PQumgnTnTialmoOjDPwyExmZJ3MUeY0O33tUdt33yTbJ2gK_QOOPm5x1LlSHACFa408g-3pq0qnTcF6_mS3BtypPpGwyAmJFuzQE_Rv3aiZx9fgbGG4i4dgmBFoRBouVH0uOi_p2gdTEq403IXHF5XHAe2uTZpCzYaVj7c3SSWz5esxZCL1D4w_VKbyaV649HSRU27zqrvVmrpTwDrE7R8pY-C8DW5EGP3GmOeyN_w0lTwuKzhLRKoNcPtm1I7_RJRXnY9hleewSEm1yTggMa0-P8THbzzw2704WpzobeyzCMxzZYLrpkWd9y9WW3zRw5EQMbVGomlzVDqLhKRJi9bcBV9-4LP19D2vl32lG17qrvoriFsaXZLysdF8d1kn2FLaVvhEuvmAPUIQMeLrPeKBN3Duk9jf3Ze1rbmvyuaM_09JRmJG3iHQt4VYtGDF4TmUNwFTmTo5Va6VHvAPiNjpWs9kK9RA7hgW83akc2Y8sTv1-ZtfgGmP6ebPoeb6xSLOX5LH6Xj1eYS5egefuvleQCDHFi4GbnVyhIC3BbcXlmqAwvrUQf2egch5ixcWxTSPJVsbR_P-G7ujDLT0F6fItTbvzkuJFAxQ1vQM5fx0zD17-9gPuga7tiSbBzBBjpwEOH7UGdyPEGf4x8cjhb-5w.8GE2D6X6JOqt30I7ID9R-Q.2d42145adcc860a84cd846509c728536caeabf546eddc116a224c5f58a97fb07&vjk=acf5faa05a4f5cc0&advn=2907488015262814,indeed ,,,4
130,banregio,Científico de datos,2,,,https://www.occ.com.mx/empleos/de-data-science/en-nuevo-leon/en-la-ciudad-de-monterrey/?jobid=20897830,occ,,,4
131,Confidencial ,Analista de inteligencia de negocios,2,,,https://www.occ.com.mx/empleos/de-data-science/en-nuevo-leon/en-la-ciudad-de-monterrey/?jobid=20892684,occ,,,4
132,Infinitytech servicios integrales de tecnología,científico de datos,2,,,https://www.occ.com.mx/empleos/de-data-science/en-nuevo-leon/en-la-ciudad-de-monterrey/?jobid=20841207,occ,,,4
133,Internacional de sistemas,científico de datos,2,,,https://www.occ.com.mx/empleos/de-data-science/en-nuevo-leon/en-la-ciudad-de-monterrey/?jobid=20839736,occ,,,4
134,Toreo Motors,Analista de Datos IA,2,"Edwin Suarez, 8122016481, ",,https://www.occ.com.mx/empleos/de-data-analyst/en-nuevo-leon/en-la-ciudad-de-monterrey/?jobid=20876927,occ,,,4
135,Bliss IT,Científico de Datos,2,,,https://www.occ.com.mx/empleos/de-data-scientist/en-nuevo-leon/en-la-ciudad-de-monterrey/?jobid=20838200,occ,,,4
136,Autozone,Especialista de análisis,2,"Olinda Cantú, correo: KJPIWX4S75T6UK25A5SO3UHOYOHSXQYLH3B7A7JVONSMRTH5P6TA====@reply.occ.com.mx",,https://www.occ.com.mx/empleos/de-data-scientist/en-nuevo-leon/en-la-ciudad-de-monterrey/?jobid=20880945,occ,,,4
137,MBS arrendadora SAPI,Data Science y automatizaciones jr,2,,,https://www.occ.com.mx/empleos/de-data-scientist/en-nuevo-leon/en-la-ciudad-de-monterrey/?jobid=20849968,occ,,,4
138,SkySis,Data Analyst,2,Umm-e-Habiba Hasnain ,,https://www.linkedin.com/jobs/collections/top-applicant/?currentJobId=4346823683&origin=FREEMIUM_TAJ_IN_APP_NOTIFICATION,linkedin,,,4
139,The Outloud Group,Jr Data Analyst,2,Katelyn Lowe,,https://www.linkedin.com/jobs/collections/top-applicant/?currentJobId=4345697987&origin=FREEMIUM_TAJ_IN_APP_NOTIFICATION,,,,4
140,,Analista comercial,2,,,https://mx.computrabajo.com/trabajo-de-analista-comercial-en-san-pedro-garza-garcia#21AADC4F1E20DC8B61373E686DCF3405&lc=CandidateHome-Suggested-1-Similars-8-O2Ov3.1,ct,,,4
141,Open Talent Group - Patrick J McGovern Foundation,Junior Developer,7/1/26,,,https://jobs.lever.co/mcgovern/11b279bb-76df-4a7d-accb-4f6073c7bd4d/thanks,torre/sitio de la empresa,,,5
142,-OTG - Patrick,technology roles,7/1/26,,,https://jobs.lever.co/mcgovern/1bf64f87-7cf5-4fef-97cb-04813474b2d7,torre/sitio de la empresa,,,
143,Agerpoint,General Interest - Decision Making,7/1/26,,,https://torre.ai/post/Odve3q7w-agerpoint-general-interest?utm_source=web&utm_medium=srh_jobs&utm_campaign=dft&utm_term=dcf1svyet&utm_content=card&t=1767823088933&r=G4LYVWZE,torre/sitio de la empresa,,,
144,Banregio,Cientifico de Datos,7/1/26,"Martín Ortiz, 8111111111",,https://www.occ.com.mx/empleos/de-data-scientist/en-nuevo-leon/en-la-ciudad-de-monterrey/?jobid=20897830,occ,,,
145,Unilink,Quantitative Analyst,7/1/26,,,https://www.occ.com.mx/empleos/de-data-scientist/en-nuevo-leon/en-la-ciudad-de-monterrey/?jobid=20906541,occ,,,
146,Argon Sc,Analista BI,7/1/26,,,"https://www.glassdoor.com.mx/job-listing/analista-de-mis-analista-bi-servicios-multiples-especializados-arrgon-sc-JV_KO0,27_KE28,72.htm?jl=1009918418854&cs=1_7e3da767&s=269&t=NS&pos=102&src=GD_JOB_AD&guid=0000019b9a979fa6a9e43fa9c20cae1d&uido=A6C9677A21DE3AF98CE6FF54EB8626F6&jobListingId=1009918418854&ea=1&ao=1136043&vt=w&cb=1767825186886&ctt=1767825192779",glassdoor,,,
147,Sigma Alimentos,Analista de rentabilidad y ,8/1/26,,,https://mx.computrabajo.com/empresas/ofertas-de-trabajo-de-sigma-alimentos-corporativo-sa-de-cv-1CDE06E04868C476,ct,,,
148,Apex,Application Analyst,8/1/26,,,https://mx.indeed.com/viewjob?from=app-tracker-post_apply-appcard&hl=es&jk=d2c6d9c7fed1e075&tk=1jedapf3bgins800,indeed ,,,
149,NielsenQ,Jr Analyst,8/1/26,,,https://www.linkedin.com/jobs/search/?currentJobId=4344454583&keywords=data%20scientist&origin=BLENDED_SEARCH_RESULT_NAVIGATION_JOB_CARD&originToLandingJobPostings=4344454583%2C4330596001%2C4345697987,linkedin,,,
150,Banregio,Especialista ML & AI,8/1/26,,,https://www.linkedin.com/jobs/view/4351345463/?eBP=CwEAAAGboQyQRsC8xPrsX0pEjK2lCjuFQGCMDQaBFy55EP-yJdQbjTfesQ97A-pwcp_Eo-67xihjW4lTKN5dUYyuo2SsrziK3ZOIj-iLq1d_CG92GIop15-HqsjxOM25pZRSF7dPsoJ-eEWdyMi-ssNXZEOuAu-MK_2brH4Nw0ImaY0T7P6x8PnDs8oYUhKKP4cKypumD_1p7nZWJpo2izvhf1FEIyzvjg-Tg95KvnJuYY31iMGF56NhBctxu7wWSAEsMCYD6eqTT7oiokyDPfPrtTgVyhumFb9ZSyFNvi6x4wzAHZe4fb9RLiXz3bFkZHPke_oAVB9vSfZGTCLvGLurR69CTFjX9YSMXPREoA1-fykDJwMswC1QksyYQu1AIgFEfO6VnkuHkjAalcsZLt0tlHjOBJkyXWktWqwpGogzO2pyfEoV4IazpTVpqQSq1tErxhqaQCE-HPpBEKm8pMC8bKP-04jy1aPA9AB5i1w2XKXIljPKWa0D3jFAKrmS5rvs2XsCqBUwQa0prd2TEOXEoiddgTo7LA&refId=PQHJnClWB4ZxrqfTcPOBgw%3D%3D&trackingId=xp%2FH8Pa2ZJepdhK4SATTpw%3D%3D&trk=flagship3_search_srp_jobs&lipi=urn%3Ali%3Apage%3Ad_flagship3_search_srp_jobs%3B3yGnENXIRxauAy4msAyzQQ%3D%3D&lici=xp%2FH8Pa2ZJepdhK4SATTpw%3D%3D,linkedin,,,
151,Inetum,Desarrollador BI,8/1/26,,,https://www.linkedin.com/jobs/view/4343277795/?alternateChannel=search&eBP=CwEAAAGboSD_wZuMaVuzt3rdVycQMhGvXLyLx8MCvxl1rc7GzsRgOTSlZPS5KtmG5V0RhVK3ydjDsBIXrZtChezbyRskrJTFYput2ElQkp9EWvBs_BuUDJritTM35Iyp2nA8BbJr0kjOIyWqftUSFnCAYc9VGEqgT9Ny1k4QHJjz4yigQgJfFFGJ0AZfWGiKn2Vk1EAN_M7ritrosy8J8zv_QlGYOqiR9zKBzoAonETECrR103D4yExiP8aMORalYLhYKFGZtYGd4QMUYYzxwAYVYhPpabnYvg7TqQrL5OZOhc-eepN0oXhS35OR9haAiIb0krBgorUznt0wyMSbLGKM5M6KG6LeT2jv7eY7yDV_V-hHW5zdFeLNEidf_Kw5NRAvvWynly3sSlzxRgA6rxjmQCUT7WujqvJn3OvaVQgEsSsdK1eku91j06uP5Idf317NDh6I9pdebz9VPIfhuMSQE0sZxkPVbVIBW5cVqXw&refId=Ko%2Fun7yAmY%2Bq41jXMcrmIw%3D%3D&trackingId=LEWgg9sfWVzbgsxFtZPYIw%3D%3D&trk=d_flagship3_postapply_default_confirmation&lipi=urn%3Ali%3Apage%3Ad_flagship3_search_srp_jobs%3BN0gPOHTeS6KZjPzOYKatlg%3D%3D,linkedin,,,
152,Braintrust,Biology Experts,11/1/26,,,https://app.usebraintrust.com/jobs/16373,braintrust-freelance,,,
153,Boaz Onyango,AI trainer Specialist,11/1/26,,,https://torre.ai/post/PW9Okg1d,torre AI,"Tomar Examenes, freelance, por checar rate. ",,
154,Corning,DS JR,14/1/26,,,https://www.glassdoor.com.mx/partner/jobListing.htm?pos=113&ao=1136043&s=58&guid=0000019bbe4b5123a9fc7caa08f61334&src=GD_JOB_AD&t=NS&vt=w&uido=A6C9677A21DE3AF98CE6FF54EB8626F6&ea=1&cs=1_404900aa&cb=1768424165912&jobListingId=1009985644520,glassdoor,,,
155,Nadro,Data Center,14/1/26,,,https://www.glassdoor.com.mx/partner/jobListing.htm?pos=108&ao=1136043&s=58&guid=0000019bbe56328da0701a6a7a7097e2&src=GD_JOB_AD&t=NS&vt=w&uido=A6C9677A21DE3AF98CE6FF54EB8626F6&ea=1&cs=1_96667ca6&cb=1768424879046&jobListingId=1009985461876,glassdoor,,,
156,Sociedad Mexicana de Parrilleros,JR AI/ML Engineer,14/1/26,,,https://www.glassdoor.com.mx/partner/jobListing.htm?pos=104&ao=1136043&s=58&guid=0000019bbe56328da0701a6a7a7097e2&src=GD_JOB_AD&t=NS&vt=w&uido=A6C9677A21DE3AF98CE6FF54EB8626F6&ea=1&cs=1_988205b3&cb=1768424879046&jobListingId=1009993493475,glassdoor,,,
157,Securitas Technology,Analista de información,14/1/26,,,https://www.glassdoor.com.mx/partner/jobListing.htm?pos=102&ao=1136043&s=58&guid=0000019bbe6268c892b822f3d0cfd9ca&src=GD_JOB_AD&t=NS&vt=w&uido=A6C9677A21DE3AF98CE6FF54EB8626F6&ea=1&cs=1_149ba71a&cb=1768425679326&jobListingId=1009935187193,glassdoor,,,
158,Pyramid Consulting,Junior ETL developer,14/1/26,,,https://hireline.io/mx/empleos/junior-etl-developer-remoto/113016,hireline,,,
159,Maxitransfer,Business Analyst Jr,15/1/26,,,https://www.glassdoor.com.mx/partner/jobListing.htm?pos=106&ao=1136043&s=58&guid=0000019bc28db6cfab703be89b93fb34&src=GD_JOB_AD&t=NS&vt=w&uido=A6C9677A21DE3AF98CE6FF54EB8626F6&ea=1&cs=1_9010aad6&cb=1768495626303&jobListingId=1009985571482,glassdoor,,,
160,Nazan Comercializadora de Calzado ,Ingeniero de Datos y Análisis,15/1/26,,,https://www.glassdoor.com.mx/partner/jobListing.htm?pos=106&ao=1136043&s=58&guid=0000019bc28db6cfab703be89b93fb34&src=GD_JOB_AD&t=NS&vt=w&uido=A6C9677A21DE3AF98CE6FF54EB8626F6&ea=1&cs=1_9010aad6&cb=1768495626303&jobListingId=1009985571482,glassdoor,,,
161,Caliente Casino,Analista de Datos,15/1/26,,,https://www.glassdoor.com.mx/partner/jobListing.htm?pos=116&ao=1136043&s=58&guid=0000019bc2992ff8ad646094b1801ffa&src=GD_JOB_AD&t=NS&vt=w&uido=A6C9677A21DE3AF98CE6FF54EB8626F6&ea=1&cs=1_fa395c36&cb=1768496378369&jobListingId=1009996509572,glassdoor,,,
162,FEMSA Salud,Analista Replenishment,15/1/26,,,https://careers.femsa.com/FemsaSalud/job/Monterrey-ANALISTA-REPLENISHMENT-%28ABASTO%29/1329220062/,femsa; sitio de la empresa,,,
163,OXXO ,Anlista Operaciones Planogramas,15/1/26,,,https://careers.femsa.com/OXXO/job/Monterrey%2C-Nuevo-Le%C3%B3n%2C-M%C3%A9xico-ANALISTA-OPERACI%C3%93N-PLANOGRAMAS/1328468562/,femsa,,,
164,Mindrift,Statistician with Python,15/1/26,,,https://www.linkedin.com/jobs/view/4346232213/?eBP=JOBS_AUCTION_SERVICE_FAILED&refId=1jnV%2BQx1g37K1MVPAAhHwQ%3D%3D&trackingId=f06c9i%2Fws0TIY15HZRET1w%3D%3D&trk=flagship3_jobs_discovery_jymbii&lipi=urn%3Ali%3Apage%3Ad_flagship3_jobs_discovery_jymbii%3Bo8eLsC7oR9%2B9TVbGoIai5Q%3D%3D&lici=f06c9i%2Fws0TIY15HZRET1w%3D%3D,linkedin,,,
165,Launchpad,Data Scientist,15/1/26,,,https://job-boards.greenhouse.io/launchpadtechnologiesinc/jobs/4619191006?gh_src=68a768c26us,greenhouse,,,
166,xpertal,Analista perfiles Jr,15/1/26,,,https://career19.sapsf.com/portalcareer?company=centrodese&correlation_Id=5871273019&lang=es_MX&clientId=jobs2web&socialApply=false&career_ns=&site=&jobPipeline=RCM+Redirect&navBarLevel=MY_PROFILE&isInternalUser=false&showAlertCreated=false&_s.crb=vpWq%252bohJ80pAxnY67kUERmoZf%252b9v8xH%252fxKDltzPCWxw%253d,sitio de la empresa,,,
167,GroWrk ,Purchase Analyst Jr,15/1/26,,,https://growrk.factorialhr.com/job_posting/purchases-analyst-jr-277405,sitio de la empresa,,,
168,Bayforce,Data Operations Analyst,16/1/26,,,https://www.linkedin.com/jobs/view/4360726988,linkedin,,,
169,Planen,Analista de Datos Jr,19/1/26,,,https://mx.indeed.com/rc/clk?jk=dd9bdbe32f3d3479&from=hp&tk=1jfc2sd21gnri805&bb=yBgDgmHME_1-7P41yJ7DP4p2Rg4YOb6_N9D6ppD3hCkkF1iYO_t0SNU4pfi5SwjoyQLq_tDozaSAMw5DqYYY5U-GPj9A9SbMYzIPLt74of_7YNhs2_x2KTFueV1oUwHLLpK75s4-878%3D&xkcb=SoDV67M3osN-dGy6A50PbzkdCdPP,indeed ,,,
170,Grupo Casco,Analista de Datos,19/1/26,,,https://mx.indeed.com/rc/clk?jk=dee53954eb622ffe&from=hp&tk=1jfc3apfjg1j5800&bb=5zKGJLQZGJQb8A9hTd1RLh1KMbN-xjGR7WvhPDBAQUtH4yP2yuOtJSBwKDSVAVkFY2Yda4fufF7wbeBuWh3M-dr4FpL_3uOA5vIDjA7f7N5MvbQlron_mjqYpMvycCOPM5VuC01wrQbFbhIWifmnEw%3D%3D&xkcb=SoDs67M3osOk5zyWiB0KbzkdCdPP,indeed ,,,
171,NeoPerformance,Jr. Marketing Data Analyst,19/1/26,,,https://mx.indeed.com/rc/clk?jk=36d04f065a4d85b4&from=hp&tk=1jfc406vkgnja800&bb=8GxNxjcpEaYwheLIrgLaAYK9lg6DXdHvTx4FbjstMGFxoIVDNnArp6Xi-LF1EXQNK2Iw26uv5-qO1_TmC_rft0cDRHbpEIJEbZLKYiWBW085u6h_iRMAL7m5-Vkmbrl5o31Wm-DqVks%3D&xkcb=SoCc67M3osAPMPy6j50LbzkdCdPP,indeed ,,,
172,IDT,Marketing Data Scientist,20/1/26,,,https://www.glassdoor.com.mx/partner/jobListing.htm?pos=103&ao=1136043&s=58&guid=0000019bd9e75ecb92c70b31bf466401&src=GD_JOB_AD&t=SR&vt=w&uido=A6C9677A21DE3AF98CE6FF54EB8626F6&ea=1&cs=1_7fa56baf&cb=1768887378012&jobListingId=1009888442682&jrtk=5-yul1-0-1jfcuenplj0ot801-9650d41a7490599a,glassdoor,,,
173,unilever,Analista de congeladores,20/1/26,Graciela Morales Rodríguez ,,https://www.linkedin.com/jobs/view/4360836619/?trk=flagship3_job_home_savedjobs&refId=a45c69e0-956c-47d0-afe2-7d72a50a588b&trackingId=mRTI1sgAS8eHFLg4h2zvTQ%3D%3D,linkedin,,,
174,Dematic,Supplier Data Analyst,20/1/26,,,https://www.linkedin.com/jobs/view/4312877556/?trk=flagship3_job_home_savedjobs&refId=a45c69e0-956c-47d0-afe2-7d72a50a588b&trackingId=V8xWFXtYREO24id1IwPw7w%3D%3D,linkedin,,,
175,Benavides,Analista de Mercados,22/1/26,karla.villarreal@benavides.com.mx,,,linkedinpost,,,
176,Thermofisher,Database Analyst,23/1/26,,,https://jobs.thermofisher.com/global/en/job/R-01330643/Argus-Database-Programmer-Analyst,thermofisher site; email ,,,
177,Corning,Data Scientist,23/1/26,,,https://mx.indeed.com/rc/clk?jk=290262b9a0fb756d&bb=xuwbVVlpCpqmVq0ucmU5c3C_HGviE4ymUDVGSPdje4XgAKyMuSIV93FTzPe9aynTTlyGPJw3-KIaI5ZHrtdfR3TtiDTbuiDahC8tO_WrzOvx8wORj81UHs5lM4sSJMlLW7yDNR8OFDfMZmKseLRblg%3D%3D&xkcb=SoBL67M3o5UhXjAREL0KbzkdCdPP&fccid=fb75933edd65f432&vjs=3,indeed,,,
178,Banorte,Especialista de Datos estrategia Jr,23/1/26,,,https://mx.indeed.com/rc/clk?jk=9c6e32e475fe28a0&bb=kF4s4TtQM_zy58i3k_lFEN_a4B5rsFPBFA3Z4LTninvYxWkub-zYMHJZ628g2jaUMOYH1htEMHdYL8jnRdXlQ2chiFDrOKqUvNUhiaqgjqcAg8d6N_kxMSFpFhfrM5ha2kFsh4jGXAwBuAEBYuTVLFkMWFBk03kz&xkcb=SoBD67M3o7iA9oy7SB0LbzkdCdPP&fccid=12e17ece3aa8f9b9&vjs=3,indeed ,,,
179,,,,,,,,,,
180,,,,,,,,,,
181,,,,,,,,,,
182,,,,,,,,,,
183,,,,,,,,,,
184,,,,,,,,,,
185,,,,,,,,,,
186,,,,,,,,,,
187,,,,,,,,,,
188,,,,,,,,,,
189,,,,,,,,,,
190,,,,,,,,,,
191,,,,,,,,,,
192,,,,,,,,,,
193,,,,,,,,,,
194,,,,,,,,,,
195,,,,,,,,,,
196,,,,,,,,,,
197,,,,,,,,,,
198,,,,,,,,,,
199,,,,,,,,,,
200,,,,,,,,,,
201,,,,,,,,,,
202,,,,,,,,,,
203,,,,,,,,,,
204,,,,,,,,,,
205,,,,,,,,,,
206,,,,,,,,,,
207,,,,,,,,,,
208,,,,,,,,,,
209,,,,,,,,,,
210,,,,,,,,,,
211,,,,,,,,,,
212,,,,,,,,,,
213,,,,,,,,,,
214,,,,,,,,,,
215,,,,,,,,,,
216,,,,,,,,,,
217,,,,,,,,,,
218,,,,,,,,,,
219,,,,,,,,,,
220,,,,,,,,,,
221,,,,,,,,,,
222,,,,,,,,,,
223,,,,,,,,,,
224,,,,,,,,,,
225,,,,,,,,,,
226,,,,,,,,,,
227,,,,,,,,,,
228,,,,,,,,,,
229,,,,,,,,,,
230,,,,,,,,,,
231,,,,,,,,,,
232,,,,,,,,,,
233,,,,,,,,,,
234,,,,,,,,,,
235,,,,,,,,,,
236,,,,,,,,,,
237,,,,,,,,,,
238,,,,,,,,,,
239,,,,,,,,,,
240,,,,,,,,,,
241,,,,,,,,,,
242,,,,,,,,,,
243,,,,,,,,,,
244,,,,,,,,,,
245,,,,,,,,,,
246,,,,,,,,,,
247,,,,,,,,,,
248,,,,,,,,,,
249,,,,,,,,,,
250,,,,,,,,,,
251,,,,,,,,,,
252,,,,,,,,,,
253,,,,,,,,,,
254,,,,,,,,,,
255,,,,,,,,,,
256,,,,,,,,,,
257,,,,,,,,,,
258,,,,,,,,,,
259,,,,,,,,,,
260,,,,,,,,,,
261,,,,,,,,,,
262,,,,,,,,,,
263,,,,,,,,,,
264,,,,,,,,,,
265,,,,,,,,,,
266,,,,,,,,,,
267,,,,,,,,,,
268,,,,,,,,,,
269,,,,,,,,,,
270,,,,,,,,,,
271,,,,,,,,,,
272,,,,,,,,,,
273,,,,,,,,,,
274,,,,,,,,,,
275,,,,,,,,,,
276,,,,,,,,,,
277,,,,,,,,,,
278,,,,,,,,,,
279,,,,,,,,,,
280,,,,,,,,,,
281,,,,,,,,,,
282,,,,,,,,,,
283,,,,,,,,,,
284,,,,,,,,,,
285,,,,,,,,,,
286,,,,,,,,,,
287,,,,,,,,,,
288,,,,,,,,,,
289,,,,,,,,,,
290,,,,,,,,,,
291,,,,,,,,,,
292,,,,,,,,,,
293,,,,,,,,,,
294,,,,,,,,,,
295,,,,,,,,,,
296,,,,,,,,,,
297,,,,,,,,,,
298,,,,,,,,,,
299,,,,,,,,,,
300,,,,,,,,,,
301,,,,,,,,,,
302,,,,,,,,,,
303,,,,,,,,,,
304,,,,,,,,,,
305,,,,,,,,,,
306,,,,,,,,,,
307,,,,,,,,,,
308,,,,,,,,,,
309,,,,,,,,,,
310,,,,,,,,,,
311,,,,,,,,,,
312,,,,,,,,,,
313,,,,,,,,,,
314,,,,,,,,,,
315,,,,,,,,,,
316,,,,,,,,,,
317,,,,,,,,,,
318,,,,,,,,,,
319,,,,,,,,,,
320,,,,,,,,,,
321,,,,,,,,,,
322,,,,,,,,,,
323,,,,,,,,,,
324,,,,,,,,,,
325,,,,,,,,,,
326,,,,,,,,,,
327,,,,,,,,,,
328,,,,,,,,,,
329,,,,,,,,,,
330,,,,,,,,,,
331,,,,,,,,,,
332,,,,,,,,,,
333,,,,,,,,,,
334,,,,,,,,,,
335,,,,,,,,,,
336,,,,,,,,,,
337,,,,,,,,,,
338,,,,,,,,,,
339,,,,,,,,,,
340,,,,,,,,,,
341,,,,,,,,,,
342,,,,,,,,,,
343,,,,,,,,,,
344,,,,,,,,,,
345,,,,,,,,,,
346,,,,,,,,,,
347,,,,,,,,,,
348,,,,,,,,,,
349,,,,,,,,,,
350,,,,,,,,,,
351,,,,,,,,,,
352,,,,,,,,,,
353,,,,,,,,,,
354,,,,,,,,,,
355,,,,,,,,,,
356,,,,,,,,,,
357,,,,,,,,,,
358,,,,,,,,,,
359,,,,,,,,,,
360,,,,,,,,,,
361,,,,,,,,,,
362,,,,,,,,,,
363,,,,,,,,,,
364,,,,,,,,,,
365,,,,,,,,,,
366,,,,,,,,,,
367,,,,,,,,,,
368,,,,,,,,,,
369,,,,,,,,,,
370,,,,,,,,,,
371,,,,,,,,,,
372,,,,,,,,,,
373,,,,,,,,,,
374,,,,,,,,,,
375,,,,,,,,,,
376,,,,,,,,,,
377,,,,,,,,,,
378,,,,,,,,,,
379,,,,,,,,,,
380,,,,,,,,,,
381,,,,,,,,,,
382,,,,,,,,,,
383,,,,,,,,,,
384,,,,,,,,,,
385,,,,,,,,,,
386,,,,,,,,,,
387,,,,,,,,,,
388,,,,,,,,,,
389,,,,,,,,,,
390,,,,,,,,,,
391,,,,,,,,,,
392,,,,,,,,,,
393,,,,,,,,,,
394,,,,,,,,,,
395,,,,,,,,,,
396,,,,,,,,,,
397,,,,,,,,,,
398,,,,,,,,,,
399,,,,,,,,,,
400,,,,,,,,,,
401,,,,,,,,,,
402,,,,,,,,,,
403,,,,,,,,,,
404,,,,,,,,,,
405,,,,,,,,,,
406,,,,,,,,,,
407,,,,,,,,,,
408,,,,,,,,,,
409,,,,,,,,,,
410,,,,,,,,,,
411,,,,,,,,,,
412,,,,,,,,,,