Aplicacion,Fecha,url,Canal_ID,Fecha_ID,Empresa_ID,Aplicacion_ID,Junta_ID,Posicion_ID
1,2025-12-05,,1,1,1,1,1,
2,2025-12-05,,1,1,2,2,1,
3,2025-12-05,,1,1,3,3,1,
4,2025-12-05,,1,1,4,4,1,
5,2025-12-05,https://job-boards.greenhouse.io/incode/jobs/5675386004,2,1,5,5,2,
6,2025-12-05,https://www.linkedin.com/jobs/view/4312154884/?eBP=CwEAAAGZ7wwVxEfeAh8Jr6_dIXcE43uKgTBKjwxqAbbSvgLlnKN0i-6L0ekboGQeOJN8Dw-Gj8n-gJKkuPv6ctX-WOJXcqx1G7M9Jg41mOVvhX18pc3R8ZsczARRofm922lWyHlf5QXAyMtGdnSRD7bqtr_zZTV6bipqWe3F2bPWRxQY7BIjAzwFTwD9NXKr5J-lkfylMtGzd8HE2W9xo25OaJxXcsz0GavkL5aeq5S_WeVeJIBMFZM6vbluyHqn1KycUjdFczUCZ9-m2cDBTYO7-kuFGA1ueCHSUM1UhGcRwRTF60As729B4SJoKsUW3QwAP6iG4gyRRDEouoZ8Zg1Z23-YGVEXg8g5stFKnTWJTNk2xJ6xuuqMs__Chhd857OINZKRCUVHJSfSOrbeMe4RC5z2MO02b06t0qarch6FawHzwgAoMal37OqsH0b9vv4uTrC-DbEjzZcFVrfPG_wo8ygDVskfbYYKzqP6&refId=BjcjPS77d9K9pKRDsiwnbQ%3D%3D&trackingId=lkR3ZtzArE0aBDWblaV%2BVA%3D%3D,1,1,6,6,2,
7,2025-12-05,Prashant.Tripathi@atos.net,1,1,7,7,2,
8,2025-12-05,,3,1,8,8,2,
9,2025-12-05,,3,1,9,9,2,
10,2025-12-05,,4,1,10,10,2,
11,2025-12-05,,2,1,11,11,2,
12,2025-12-05,,1,1,12,12,2,
13,2025-12-05,,1,1,13,13,2,
14,2025-12-05,,1,1,14,14,2,
15,2025-12-05,,1,1,15,15,2,
16,2025-12-05,,4,1,16,16,2,
17,2025-12-05,,4,1,17,17,3,
18,2025-12-05,https://www.linkedin.com/jobs/search/?currentJobId=4317491449&keywords=bioanalytics&origin=BLENDED_SEARCH_RESULT_NAVIGATION_JOB_CARD&originToLandingJobPostings=4323903504%2C4298686692%2C,1,1,18,18,3,
19,2025-12-05,https://career4.successfactors.com/portalcareer?_s.crb=L68gNJvSpDTCne22DyGkl9cCsq3rm77Iim12GBcCnh8%253d,1,1,19,19,3,
20,2025-12-05,https://www.linkedin.com/jobs/search/?currentJobId=4314518840&keywords=bioanalytics&origin=BLENDED_SEARCH_RESULT_NAVIGATION_JOB_CARD&originToLandingJobPostings=4323903504%2C4298686692%2C4323971974&start=25,1,1,20,20,3,
21,2025-12-05,https://mx.indeed.com/viewjob?from=app-tracker-post_apply-appcard&hl=es&jk=86ca47744766d585&tk=1j8bpkcojmn7786m,5,1,21,21,3,
22,2025-12-05,https://fahorro.wd3.myworkdayjobs.com/es/oportunidades_fdahorro/userHome,5,1,22,22,3,
23,2025-12-05,https://jobs.lever.co/BestEgg/7d2cf121-74a3-4409-a116-96a070744d15/thanks,2,1,23,23,3,
24,2025-12-05,"https://www.linkedin.com/jobs/search/?currentJobId=4307916919&geoId=105701034&keywords=""Data%20Analyst""&origin=JOB_SEARCH_PAGE_SEARCH_BUTTON&refresh=true",1,1,24,24,3,
25,2025-12-05,https://job-boards.greenhouse.io/honehealth/jobs/4945568008/confirmation,1,1,25,25,3,
26,2025-12-05,https://www.linkedin.com/jobs/view/4319532084,1,1,20,26,3,
27,2025-12-05,https://mx.computrabajo.com/trabajo-de-analista-de-datos-en-nuevo-leon#03538F50A83791CC61373E686DCF3405,3,1,10,27,3,
28,2025-12-05,https://mx.computrabajo.com/trabajo-de-datos-en-monterrey#59359C58CD2B2E1461373E686DCF3405,3,1,26,28,3,
29,2025-12-05,"https://www.linkedin.com/jobs/search/?currentJobId=4283427319&f_WT=2%2C3&geoId=92000000&keywords=""scientist""&origin=JOB_SEARCH_PAGE_SEARCH_BUTTON&refresh=true&spellCorrectionEnabled=true&start=25",1,1,27,29,3,
30,2025-12-05,https://mx.smartapply.indeed.com/beta/indeedapply/form/review-module,5,1,28,30,3,
31,2025-12-05,https://jobs.lever.co/rackspace/be8898d4-783d-400e-b25d-18784e273d11/apply,2,1,29,31,3,
32,2025-12-05,"https://www.glassdoor.com.mx/job-listing/data-analyst-ab-tests-and-customer-onboarding-remote-constructor-JV_KO0,52_KE53,64.htm?jl=1009883440664&cs=1_7b4c0e42&s=58&t=NS&pos=105&src=GD_JOB_AD&guid=0000019a32a356f79e13ec1bbcff3632&uido=A6C9677A21DE3AF98CE6FF54EB8626F6&jobListingId=1009883440664&ea=1&ao=1136043&vt=w&cb=1761786156978&ctt=1761786160516",4,1,30,32,3,
33,2025-12-05,"https://www.linkedin.com/jobs/search/?currentJobId=4319115179&f_WT=2%2C3&geoId=92000000&keywords=""scientist""&origin=JOB_SEARCH_PAGE_SEARCH_BUTTON&refresh=true&spellCorrectionEnabled=true&start=100",1,1,31,33,3,
36,2025-12-05,https://mx.computrabajo.com/trabajo-de-data-scientist#C6DB711FA4BB7C3261373E686DCF3405,3,1,32,34,3,
37,2025-12-05,https://mx.indeed.com/?from=gnav-applymgt--app-tracker-webapp&vjk=303bb58b66316c28,5,1,33,35,3,
40,2025-12-05,https://www.occ.com.mx/empleos/de-sql/en-nuevo-leon/?smax=30000&smin=20000,6,1,34,36,3,
41,2025-12-05,https://www.occ.com.mx/empleos/de-sql/en-nuevo-leon/?smax=30000&smin=20000&page=2&jobid=20807811,6,1,35,37,3,
43,2025-12-05,https://www.occ.com.mx/empleos/de-sql/en-nuevo-leon/?smax=30000&smin=20000&page=5&jobid=20747826,6,1,36,38,3,
44,2025-12-05,"https://www.linkedin.com/jobs/search/?currentJobId=4334552263&geoId=105701034&keywords=""data%20scientist""%20&origin=JOB_SEARCH_PAGE_LOCATION_AUTOCOMPLETE&refresh=true",1,1,37,39,3,
45,2025-12-05,https://www.linkedin.com/jobs/collections/hiring-in-network/?currentJobId=4334451319&originToLandingJobPostings=4337723997%2C4316359205%2C4312344857,1,1,38,40,3,
46,2025-12-05,https://jobs.thermofisher.com/global/en/job/R-01322182/Associate-Patient-Data-Specialist?rx_ch=jobpost&rx_id=27c16dca-b41b-11f0-b7ab-1f1305eec847&rx_job=R-01322182_rxr-1&rx_medium=post&rx_paid=0&rx_r=none&rx_source=linkedin&rx_ts=20251106T024003Z&rx_vp=linkedindirectindex&utm_medium=post&utm_source=recruitics_linkedindirectindex&refId=34jd24&rx_viewer=19b926969a9e11f0bab0519aba7cb30fbcb9baffaa004f5e900c0dd1a7e39bf0,1,1,39,41,3,
47,2025-12-05,https://www.linkedin.com/jobs/view/4320714412/?refId=VfnaOShJT0ucAQIKyQIjhA%3D%3D&trackingId=HL%2FfpXHsT%2BST%2Bn%2Bgv6fO8Q%3D%3D,1,1,40,42,3,
48,2025-12-05,https://www.linkedin.com/jobs/view/4340082946/post-apply/default/?postApplyJobId=4340082946&refId=X%2FolXbbdty%2BQyCMQ33%2FQWg%3D%3D&trackingId=X%2FolXbbdty%2BQyCMQ33%2FQWg%3D%3D,1,1,41,43,3,
49,2025-12-05,https://torre.ai/post/OwGXgV3d-genestack-ltd-scientific-data-curator?t=1762977827996&r=CvM7NtCW,2,1,42,44,3,
50,2025-12-05,https://www.linkedin.com/jobs/collections/recommended/?currentJobId=4318944847,1,1,39,45,3,
51,2025-12-05,"Post, Jaqueline Chavez; le mandé el CV",1,1,43,46,3,
53,2025-12-05,,1,1,44,47,3,
54,2025-12-05,https://mx.computrabajo.com/trabajo-de-analista-de-datos-en-nuevo-leon#BB13120EE2E29A2561373E686DCF3405,3,1,45,48,3,
55,2025-12-05,https://www.linkedin.com/jobs/collections/recommended/?currentJobId=4321219290,1,1,46,49,3,
56,2025-12-05,https://www.linkedin.com/jobs/search/?currentJobId=4318928919&geoId=105701034&origin=JOB_COLLECTION_PAGE_LOCATION_AUTOCOMPLETE&refresh=true,1,1,47,50,3,
57,2025-12-05,https://www.linkedin.com/jobs/collections/remote-jobs/?currentJobId=4281921381&discover=recommended&discoveryOrigin=JOBS_HOME_JYMBII,1,1,48,51,3,
58,2025-12-05,https://mx.computrabajo.com/trabajo-de-analista-de-datos-en-nuevo-leon?p=2#03F9F0D76B99F62F61373E686DCF3405,3,1,49,52,3,
59,2025-12-05,https://www.occ.com.mx/empleos/de-data/en-nuevo-leon/?smax=30000&smin=20000&jobid=20843995,6,1,50,53,3,
60,2025-12-05,https://www.occ.com.mx/empleos/de-data/en-nuevo-leon/?smax=30000&smin=20000&page=2&jobid=20839769,6,1,51,54,3,
61,2025-12-05,https://job-boards.eu.greenhouse.io/agency/jobs/4606955101?gh_src=4551efb2teu,1,1,52,55,3,
62,2025-12-05,https://www.linkedin.com/jobs/search/?currentJobId=4232818069&f_C=2896685&geoId=92000000&origin=COMPANY_PAGE_JOBS_CLUSTER_EXPANSION&originToLandingJobPostings=4225882218%2C4232818069%2C4291364285%2C4281246163%2C4303819404%2C4271585263%2C4314082291%2C4210021043%2C4340652874&trk=d_flagship3_company_posts,1,1,53,56,3,
63,2025-12-05,https://mx.indeed.com/?from=gnav-jobseeker-profile--profile-one-frontend&vjk=531377429752fd40,5,1,54,57,3,
64,2025-12-05,https://careers.caterpillar.com/en/jobs/r0000332095/data-scientist-santa-catarina-facility/?source=Indeed,5,1,55,58,3,
65,2025-12-05,https://mx.indeed.com/?from=gnav-jobseeker-profile--profile-one-frontend&vjk=8c6557a37c050af3,5,1,56,59,3,
66,2025-12-05,https://www.occ.com.mx/empleos/de-analista-o-ciencia-de-datos/en-nuevo-leon/?smax=30000&smin=20000&jobid=20840971,6,1,57,60,3,
67,2025-12-05,https://mx.computrabajo.com/trabajo-de-analista-de-datos-en-nuevo-leon#EB6D732ED5C70B4761373E686DCF3405,3,1,58,61,3,
68,2025-12-05,https://mx.computrabajo.com/trabajo-de-analista-de-datos-en-nuevo-leon?p=2#EA82A268100B828361373E686DCF3405,3,1,59,62,3,
69,2025-12-05,https://mx.indeed.com/?from=gnav-jobseeker-profile--profile-one-frontend&vjk=680b5cba28bcc60f,5,1,60,63,3,
70,2025-12-05,https://mx.indeed.com/?from=gnav-jobseeker-profile--profile-one-frontend&vjk=15f572f4c7bd4e4b,5,1,61,64,3,
71,2025-12-05,https://mx.indeed.com/?from=gnav-jobseeker-profile--profile-one-frontend&vjk=4459ed9324ab411d,5,1,62,65,3,
72,2025-12-05,https://mx.indeed.com/?from=gnav-jobseeker-profile--profile-one-frontend&vjk=3b4d616f9c8e31fa,5,1,62,66,3,
73,2025-12-05,https://mx.computrabajo.com/trabajo-de-data-en-nuevo-leon,3,1,63,67,4,
74,2025-12-05,https://www.tecnoap.com/ads/data-scientist-2/,4,1,64,68,4,
75,2025-12-05,"https://www.glassdoor.com.mx/Empleo/nuevo-león-data-analyst-empleos-SRCH_IL.0,10_IS5742_KO11,23.htm",4,1,65,69,4,
76,2025-12-05,"https://www.glassdoor.com.mx/Empleo/nuevo-león-data-analyst-empleos-SRCH_IL.0,10_IS5742_KO11,23.htm",4,1,66,70,4,
77,2025-12-05,https://mx.indeed.com/?from=gnav-jobseeker-profile--profile-one-frontend&vjk=07a5931b1e9b5638,4,1,67,71,4,
78,2025-12-05,"https://www.glassdoor.com.mx/job-listing/data-analyst-redwood-logistics-JV_KO0,12_KE13,30.htm?jl=1009935009131&src=GD_JOB_AD&uido=A6C9677A21DE3AF98CE6FF54EB8626F6&ao=1136043&jrtk=5-yul1-0-1jbegb4uj20cl000-daa7d4f5f4aa8273&cs=1_40862d26&s=58&t=SR&pos=109&guid=0000019add05938fa97dd1a02aed6043&jobListingId=1009935009131&ea=1&vt=w&cb=1764644721877&ctt=1764644763991",4,1,68,72,4,
79,2025-12-05,https://www.occ.com.mx/empleos/de-data/en-nuevo-leon/?smax=30000&smin=20000&jobid=20870454,6,1,69,73,4,
80,2025-12-05,https://mx.indeed.com/?from=gnav-jobseeker-profile--profile-one-frontend&vjk=4e1a6f2e433d49cf&advn=9383771290990951,5,1,70,74,4,
81,2025-12-05,https://mx.indeed.com/jobs?q=tort&l=&from=searchOnDesktopSerp&cf-turnstile-response=0.itwmhUV6BzEt_3pQpcnw8IsC4E0U5cTyLHrRU-v0C5EJXea8K5NzCK819K1_iBVcFbXfniflDoQ6WTIN3WL-c7rcbeE6yMbFR1Ei3Ph5LrgexyBRd-mJ7BkhTCDWhP07jpPE87Fbrwkb3ggIYOHNECC84I4EYxeIptpGNtt3nzj3KRwbIxwkuKUsRJ9BhKtvb08Qpzvlb4JWR2mt-LYbz5rXbsM8w1xV1n9l8Q98LmebnPIk78vL1HyxGldPNMi5wmb6N0-Nj7TaQkHwTtDNrRWOvq0-iIRh9Pz6peGTYJdnemSJs43AN7pMvugWP5ObyW0XydFE7at49absFuDhJMcnj1ctBGUSmLNogFVqXVqRtQplBLYvRVAsdGrf_ziV7KjEbIOiRJLUHWOsJ4XWBHPlh9SkQPLgRaFMrzE_eA27BXP2Z5V2qfkTYd9jQVaqkL4yv4rU7pLFlEf_teYfbHNkaY35qmMJ4L6ArDvukav6L-Esma74qkdAeC6-UDdblLV_IWOElSTV2Yz6XRYEWb02FDPkTo3A7bRehmmuv37WLSF327Kba5puIhILDcQhrpA_ucIXsdtK8ONtysx0lJqBjU92xM1AM2hNsVmzugSpG0y-YT8tb1IqEcqi7AAHeDionNxTgwfTUv8zBqRRv5C-XH68pizTFbPrz0qStecZhItceT1EZCuqkDU_8uSLmJKYgM6nbEXbc_mt1QIrVzV602LMMjPIMWZ4HO9Xi5N1VlWaMRhLPtSGPOPe6e3YdqJqXcVh5mlnnMiEeNS8TvlbSesHiIducAF-yg0XLA5dvnFx3WJ05pPaGmc0pAwWG7cVn-YItRTILCUB1nmq0JzkH1WtMYwSjVvixs_GwvcwWdddAK3tLQ4PgLTu3jzlqG8qtiyfHwuSUxmdo81AA7LmreFbYhWLt5Mk5fAqzhs6MKh_tb7gfMqJHEGnQOr-EkizFwKedsMIGqs0W_MOSA.w-nrsfaocTnvFuxOXNDSzQ.689fadc08ad32472677cf4490473a95043050087e332cdbc423e3ca78333e8ec&vjk=d3674498fd89feba,5,1,54,75,4,
82,2025-12-05,https://mx.computrabajo.com/trabajo-de-data-en-nuevo-leon#5BF6B56765A5811E61373E686DCF3405,3,1,71,76,4,
83,2025-12-05,https://mx.computrabajo.com/trabajo-de-data-en-nuevo-leon?p=2#63DE261C45FA885C61373E686DCF3405,3,1,59,77,4,
84,2025-12-05,https://www.occ.com.mx/empleos/de-data/en-nuevo-leon/?smax=30000&smin=20000&jobid=20876169,6,1,72,78,4,
85,2025-12-05,https://www.linkedin.com/jobs/collections/recommended/?currentJobId=4336254692,1,1,73,79,4,
86,2025-12-05,https://www.linkedin.com/jobs/view/4337010282/?alternateChannel=search&eBP=CwEAAAGa7_apgNkWRTvUXwFKHWc_Ils3rQZHm5njv7YFbmgykfv2-Y6WClhNomnJJErzPngfXI2IVZo1GJK8HXySgkhUCUA28XD9s9V7-h-OUpfLJwO77fBYcHI2a_MSq9nCWLMrqYPvOlGmgtV-bDViLgJzrgPutLKF4V5lFw8TdbGIzFMFo_kF16pwkfXwUEi0QoGmhr1uBb0uJMhAJdNNp1Lj0CAV6tN65KPcGyMXv6Ii_4lFWsjSKnwEA5Q7cEcVCbl-i-cx_OcwXHCWDpvdZQCZ-5f2sQxqbrs7Qda0wV8xieacxftzFAHE9hCOnuKEEjSs1RSOWM-JcW8wJ0z9pMC8m1GlxDC4sf1Arj3uPaWMoUT86OvamzKKvCEJtg7Wm5kt_dV7WXITz_VueQAHnxVWR3S5Y5o0vTWj6qlNUgS5DU4UY2MGwKdSUExTbBh863XsirCSmOqxa86kr9CZYN6h6RiUsSdOx8RoiB0sXRwbuvDl&refId=dSNkGS6VtnRtyarcju9XNA%3D%3D&trackingId=1oak46OEOU%2F9Z8zF8Zf6KA%3D%3D&trk=d_flagship3_jobs_discovery_jymbii,1,1,74,80,4,
87,2025-12-05,https://www.linkedin.com/jobs/view/4324416598/?alternateChannel=search&eBP=CwEAAAGa7_apgNFQMQ88SfZNXamsRJM9Ggv48LwRaIG5AXfkjyWVde73DVOkdtVZOneG400tegcDCMK4Ip_fG3En7a55NVihLsl16w5gOmAM48XuuXcSeVK8e1ccZRZNyKYP2iI_9m3yztckHWrSHGd0XvZB7309QdvzWfVsmtkj2qevDC6ESFuoqcUA33Dzbjj3euulfODZgz-ljk_R93ZT78GVm8wiZMAKqdcrrmrxe4NmFLKg0W3yid3kvqeJDHMWuuAD7VsIdSMzVcuDWaA2TZCkyFNIR6Z6_K5HvN0E_9mZLaMKjvzUzCe4SxUlvxgjJOTx4uc6p4pnkoLhzj5lJuzF0PxOdJh1uYX57_jBEvavEY1VSktzgw15evMXYlCNIvOaEXaWxfj96_At5ooIpNOtnal6Jseuh5Mq249_WkFYn7omOfecRU_Kobu_JfvtjvhzQOkjdnVrNVQ-DjZI4Su3jPV6Tet-ig6XFAYc194p0A&refId=%2BkntYey8NXuN02P%2B8jFXmg%3D%3D&trackingId=sn%2FmiiOZD0V2w6a9LMZjzQ%3D%3D&trk=d_flagship3_postapply_default_confirmation,1,1,75,81,4,
88,2025-12-05,https://www.linkedin.com/jobs/view/4268646729/?alternateChannel=search&eBP=CwEAAAGa7_apgX--3seXP1uvt02ichPcSOyP0QcoKDv_EDRiI6MIMc4W9N764cmB2e-pDa6ewUWnwumnXYoxIL-zGKY6uYwljx5ZFjJIEg_nD7JsiaCH-qZxqLU_Ap9H4aGX8bh6bHMVOaq94qyrwNQtx-h8ZELkwnGuilhwytOk-N62CB_cX-B6oMCKoPgRvonWr9noexQ2gqXM_aEn_faG1ktmR_HN_wpnGSf8pqu051r-_NiJbsPfwowZ-bb1sB6xggiou9GLe1lEVV88ZXgOVa9OICdfp6b02ifEb62BNhF2VdNoj2tC-lBI88UPyEHgtVHkKxSHnEoD9-rMLDrDg8dkRsFcW_-69LbJW5once3sPT8b34Ct--7qggab5f-PyzbWjnvbw1vphQ00PVs8dtcT8qWMhQ60viVL6ca2Pcg9Cba0IG3mjpqvBIClV9bmOQRbOa9zjlaw2lmG5TCY7qj6Adt1204J3tXd2AwI-7oOqA&refId=%2BkntYey8NXuN02P%2B8jFXmg%3D%3D&trackingId=wueHAxXcYCqwABw9WTOI%2FA%3D%3D&trk=d_flagship3_postapply_default_confirmation,1,1,27,82,4,
89,2025-12-08,https://mx.computrabajo.com/trabajo-de-data-analyst-en-nuevo-leon#ADEEC86D5B94894561373E686DCF3405,3,2,76,83,4,
90,2025-12-08,https://mx.indeed.com/?from=jobsearch-empty-whatwhere&vjk=3238b549763edf74,5,2,62,84,4,
91,2025-12-09,https://www.occ.com.mx/empleos/de-data/en-nuevo-leon/?smax=30000&smin=20000&jobid=20868111,6,3,77,85,4,
92,2025-12-09,https://mx.indeed.com/?from=jobsearch-empty-whatwhere&vjk=5dcdf912480597a9,5,3,62,86,4,
93,2025-12-10,https://www.occ.com.mx/empleos/de-data-science/en-nuevo-leon/?smax=30000&smin=20000&jobid=20870454,6,4,69,87,4,
94,2025-12-10,https://www.occ.com.mx/empleos/de-data-science/en-nuevo-leon/?smax=30000&smin=20000&jobid=20844719,6,4,78,88,4,
95,2025-12-10,https://www.occ.com.mx/empleos/de-data-science/en-nuevo-leon/?smax=30000&smin=20000&jobid=20849017,6,4,67,89,4,
96,2025-12-10,https://www.occ.com.mx/empleo/oferta/20862662/?returnURL=empleos%2fde-data-science%2fen-nuevo-leon%2f%3fsmax%3d30000%26smin%3d20000%26jobid%3d20849017&sec=sim&simval=0.0#lc=OfferDetail-Similars-3,6,4,35,90,4,
97,2025-12-10,https://www.occ.com.mx/empleo/oferta/20801671/?returnURL=%2fempleos%2fde-data-science%2fen-nuevo-leon%2f%3fsmax%3d30000%26smin%3d20000%26jobid%3d20849017&sec=sim&simval=0.0#lc=OfferDetail-Similars-2,6,4,64,91,4,
98,2025-12-10,https://www.linkedin.com/jobs/view/4324378706/?alternateChannel=search&eBP=NOT_ELIGIBLE_FOR_CHARGING&refId=bhbjqH5LFhG%2BjVXkU30YrA%3D%3D&trackingId=sJc93GpP%2FuaNIyJkYTT1rA%3D%3D&trk=d_flagship3_search_srp_jobs&lipi=urn%3Ali%3Apage%3Ad_flagship3_search_srp_jobs%3BO15yBQHiR22o2w2Uy6KONQ%3D%3D,1,4,79,92,4,
99,2025-12-11,https://www.occ.com.mx/empleos/de-data-science/en-nuevo-leon/?smax=30000&smin=20000&jobid=20849072,6,5,80,93,4,
100,2025-12-11,https://www.occ.com.mx/empleos/de-data-science/en-nuevo-leon/?smax=30000&smin=20000&jobid=20884591,6,5,81,94,4,
101,2025-12-11,https://www.occ.com.mx/empleos/de-data-science/en-nuevo-leon/?smax=30000&smin=20000&jobid=20871236,6,5,82,95,4,
102,2025-12-12,https://www.occ.com.mx/empleos/de-data-science/en-nuevo-leon/?smax=30000&smin=20000&jobid=20843995,6,6,50,96,4,
103,2025-12-12,https://www.linkedin.com/jobs/search/?currentJobId=4326425855&geoId=92000000&keywords=bio&origin=JOB_SEARCH_PAGE_JOB_FILTER&refresh=true&start=50,1,6,83,97,4,
104,2025-12-12,https://www.linkedin.com/jobs/search/?currentJobId=4342644172&geoId=92000000&keywords=bio&origin=JOB_SEARCH_PAGE_JOB_FILTER&refresh=true&start=50,1,6,84,98,4,
105,2025-12-05,https://app.dataannotation.tech/workers/starter_assessment_complete,1,1,85,99,4,
106,2025-12-05,,1,1,86,100,4,
107,2025-12-05,https://www.linkedin.com/jobs/search/?currentJobId=4343742504&geoId=92000000&keywords=data&origin=JOB_SEARCH_PAGE_SEARCH_BUTTON&refresh=true,1,1,87,101,4,
108,2025-12-05,https://www.joinrs.com/es/job-offers/438208/?utm_source=linkedin&utm_medium=job-offer-es&utm_campaign=438208-internal,1,1,88,102,4,
109,2025-12-16,https://www.linkedin.com/jobs/search/post-apply/default/?currentJobId=4343816631&geoId=92000000&keywords=data&origin=JOB_SEARCH_PAGE_SEARCH_BUTTON&postApplyJobId=4343816631&refresh=true&start=75,1,7,89,103,4,
110,2025-12-05,https://app.usebraintrust.com/jobs/16455/proposals/1342562/edit/?back=%2Ftalent%2Fdashboard%2Fmy_jobs%2Fmy_proposals,2,1,90,104,4,
111,2025-12-05,https://app.usebraintrust.com/talent/dashboard/my_jobs/my_proposals,2,1,79,105,4,
112,2025-12-05,https://pfizer.wd1.myworkdayjobs.com/en-US/PfizerCareers/job/Data-Science-Associate_4948239-1,2,1,91,106,4,
113,2025-12-17,https://www.linkedin.com/jobs/view/4344172320/?alternateChannel=search&eBP=NOT_ELIGIBLE_FOR_CHARGING&refId=tgOUAZkGBi1pZBgBosAskA%3D%3D&trackingId=UW7vA%2BpxnPoyQ1rYe256gg%3D%3D&trk=d_flagship3_postapply_default_confirmation&lipi=urn%3Ali%3Apage%3Ad_flagship3_search_srp_jobs%3BDXJt0ndCTGmynzRpwGfWvQ%3D%3D,1,8,92,107,4,
114,2025-12-05,https://www.linkedin.com/jobs/search/?currentJobId=4343888075&geoId=92000000&keywords=data&origin=JOB_SEARCH_PAGE_SEARCH_BUTTON&refresh=true&start=175,1,1,93,108,4,
115,2025-12-05,https://apply.workable.com/toloka-ai/j/B622F0E113/,1,1,94,109,4,
116,2025-12-18,https://www.tecnoap.com/ads/data-scientist-2/,1,9,95,110,4,
117,2025-12-22,https://mx.indeed.com/jobs?q=data&l=Nuevo+Le%C3%B3n&from=searchOnDesktopSerp&cf-turnstile-response=0.OZqNfM0bduocTqWQvZhlQKJGCpTBk1bU7Rz_s8I1kHmsw4wOlVffxrD1HSI5usB4naqZRgl_ogzBiiC2-OyUOkPBFPm7nEUShnMN-qlf-6HgpmAffxCIoxd95Hcecste8fHuLYrdsVrmzVyvkgahn2Qtn93gqWFjHpQR7DXiPxzTvoWSu-Ua5fmbcj2Bo0C6NIN-JcrwuAWazd77q4qBhrcyqNFYwJ2yNsW-bnU5csRSM-MTfGwTxNPblGBK5x1_VrgbDRbtAzLvS4u6U2eW1jPGTP2JC0AjKbWuR96BcwdUfd0rVQE3Kb5JmCaYYDF7v-Jtp8ChPjD_33Ua4gvh2MrYIDePp9ZjhoihBpZSc2Q3I0tE34SYp1r0YR2fETYR36iXF33zExbuXzlHWgrP1zB4SYGiPbhbo1t5Kh6iL22Ipv8ViOqkXl7lnQi_UdWLB2BSfhOZvGAPe0ylKhSQ4zhmQTERkYFm3raWtszrWcIp36KWJRVdQPFeZhe8lJ5vVR5UiNu5y89PRyttKy89LpQywd3D4Hu7PG5EE4NDB9pfo5erqtH4cL-liHqCpPs_cL9uzt46_-AzllsHJmT4-hcx5tgUNj6tzWLQbqcMdB_NbkADig-ag_vuKPh6kjOGgFIogCDsssT2johhX3XR-IYfJwROM6lW4CvPj4rdOcC7woTBpNIUFrmNqON1tEINz8ZWtZgdxc3jQB2YpfIjsiD4AtRAeyRJJOF4tYCAy8X9IU710aPtwMCeNKuNKWPcn9Kvo-xMRU_LDr0wy5o3tm4jcCM0tHYtoCSN9a9JkFHbq2mixQsqGUwzCZhEMvzBM9DwGVB4koQx2kAv9PVozcsINodY1VYxRxH2Za78m4QXxRN6M5Tr1gaqNzRi4RG9DoiNg01TiWIR-b0CnlFUM9mnwPYPYx5KPzL-A6hNJJgfS2Gn9JmmmkawyFkXTUW0rHl9_YJDbSrAHOOpvbrYjQ.MqFvu9MO8V_2xAfZ3BNYTA.3a8a732fbafaaa1b6fe5adf35a1a6f97c878cb0bc6122d073c9361332901a967&vjk=d491a556df5c5b75&advn=8937613017401953,5,10,96,111,4,
118,2025-12-22,https://www.glassdoor.com.mx/partner/jobListing.htm?pos=104&ao=1136043&s=58&guid=0000019b48a7ca85adb0f31b638a1494&src=GD_JOB_AD&t=NS&vt=w&uido=A6C9677A21DE3AF98CE6FF54EB8626F6&ea=1&cs=1_16e8e12e&cb=1766450514788&jobListingId=1009964036082,4,10,97,112,4,
119,2025-12-22,https://www.glassdoor.com.mx/Empleo/index.htm,4,10,98,113,4,
120,2025-12-22,https://www.glassdoor.com.mx/partner/jobListing.htm?pos=108&ao=1136043&s=58&guid=0000019b48b435ecb76372f15863125a&src=GD_JOB_AD&t=NS&vt=w&uido=A6C9677A21DE3AF98CE6FF54EB8626F6&ea=1&cs=1_0dd11e89&cb=1766451329669&jobListingId=1009961195299,4,10,98,114,4,
121,2025-12-05,https://www.glassdoor.com.mx/partner/jobListing.htm?pos=107&ao=1136043&s=58&guid=0000019b7baa12e790c6aababb5fb960&src=GD_JOB_AD&t=NS&vt=w&uido=A6C9677A21DE3AF98CE6FF54EB8626F6&ea=1&cs=1_25532fc1&cb=1767306302609&jobListingId=1009976311586,4,1,99,115,4,
122,2025-12-05,https://www.glassdoor.com.mx/partner/jobListing.htm?pos=103&ao=1136043&s=58&guid=0000019b7baf7a2394316a20f995de01&src=GD_JOB_AD&t=NS&vt=w&uido=A6C9677A21DE3AF98CE6FF54EB8626F6&ea=1&cs=1_314b8685&cb=1767306656598&jobListingId=1009983162334,4,1,100,116,4,
123,2025-12-31,https://apply.johnsoncontrols.com/johnsoncontrols/johnson-controls-es/job-data-analyst-ptp/512451/confirmation,4,11,101,117,4,
124,2025-12-31,https://www.amazon.jobs/jobs/3149010,2,11,102,118,4,
125,2026-01-01,https://iconn.csod.com/ux/ats/careersite/1/requisition/24845/application?c=iconn&sq=MOP0034001&jobboardid=0#4,2,12,103,119,4,
126,2026-01-01,https://www.pepsicojobs.com/main/jobs/425274/job?utm_source=indeed_integration&iis=Job%20Board&iisn=Indeed&indeed-apply-token=73a2d2b2a8d6d5c0a62696875eaebd669103652d3f0c2cd5445d3e66b1592b0f&codes=1-INDEED,2,12,104,120,4,
127,2026-01-01,https://www.glassdoor.com.mx/partner/jobListing.htm?pos=107&ao=1136043&s=58&guid=0000019b7c52127bafbf6a9a9bdcf0e4&src=GD_JOB_AD&t=NS&vt=w&uido=A6C9677A21DE3AF98CE6FF54EB8626F6&ea=1&cs=1_dbdec45f&cb=1767317312338&jobListingId=1009974382444,4,12,105,121,4,
128,2026-01-02,https://mx.computrabajo.com/trabajo-de-data-en-nuevo-leon#A9001D6BB4827DAC61373E686DCF3405,3,13,106,122,4,
129,2026-01-02,https://mx.indeed.com/jobs?q=data&l=Nuevo+León&from=searchOnDesktopSerp&cf-turnstile-response=0._UacxWcrO4j_taz0gpi2QUGoyltBV2TvfYL-AZ6jsK3foAdK86WR_uCKWN9WYTRRjh5DSvsyooadBkjvM7hW7rHW48cOQyk1hZTp1hmQiDj5nuCoMJOUofDsFqlQmrvm4N7tPtj6y4bTOFnl3BP1oAPPJZbCBMg_Dw94BuiELseywkr8T_d5910OQ0uvj5P4pSt5P2tMqDEfUUZFcDwoU3fWOUmrFzL3TEvaVuAVzw5UHrETbB4v4CYoVo5rlNUdKpxK7qRGrbSyU6eCi01VuUgTkBV_QMejjbd17JzY10hBC-U4KVkaIsVENcPj4_PQumgnTnTialmoOjDPwyExmZJ3MUeY0O33tUdt33yTbJ2gK_QOOPm5x1LlSHACFa408g-3pq0qnTcF6_mS3BtypPpGwyAmJFuzQE_Rv3aiZx9fgbGG4i4dgmBFoRBouVH0uOi_p2gdTEq403IXHF5XHAe2uTZpCzYaVj7c3SSWz5esxZCL1D4w_VKbyaV649HSRU27zqrvVmrpTwDrE7R8pY-C8DW5EGP3GmOeyN_w0lTwuKzhLRKoNcPtm1I7_RJRXnY9hleewSEm1yTggMa0-P8THbzzw2704WpzobeyzCMxzZYLrpkWd9y9WW3zRw5EQMbVGomlzVDqLhKRJi9bcBV9-4LP19D2vl32lG17qrvoriFsaXZLysdF8d1kn2FLaVvhEuvmAPUIQMeLrPeKBN3Duk9jf3Ze1rbmvyuaM_09JRmJG3iHQt4VYtGDF4TmUNwFTmTo5Va6VHvAPiNjpWs9kK9RA7hgW83akc2Y8sTv1-ZtfgGmP6ebPoeb6xSLOX5LH6Xj1eYS5egefuvleQCDHFi4GbnVyhIC3BbcXlmqAwvrUQf2egch5ixcWxTSPJVsbR_P-G7ujDLT0F6fItTbvzkuJFAxQ1vQM5fx0zD17-9gPuga7tiSbBzBBjpwEOH7UGdyPEGf4x8cjhb-5w.8GE2D6X6JOqt30I7ID9R-Q.2d42145adcc860a84cd846509c728536caeabf546eddc116a224c5f58a97fb07&vjk=acf5faa05a4f5cc0&advn=2907488015262814,5,13,57,123,4,
130,2025-12-05,https://www.occ.com.mx/empleos/de-data-science/en-nuevo-leon/en-la-ciudad-de-monterrey/?jobid=20897830,6,1,107,124,4,
131,2025-12-05,https://www.occ.com.mx/empleos/de-data-science/en-nuevo-leon/en-la-ciudad-de-monterrey/?jobid=20892684,6,1,57,125,4,
132,2025-12-05,https://www.occ.com.mx/empleos/de-data-science/en-nuevo-leon/en-la-ciudad-de-monterrey/?jobid=20841207,6,1,108,126,4,
133,2025-12-05,https://www.occ.com.mx/empleos/de-data-science/en-nuevo-leon/en-la-ciudad-de-monterrey/?jobid=20839736,6,1,109,127,4,
134,2025-12-05,https://www.occ.com.mx/empleos/de-data-analyst/en-nuevo-leon/en-la-ciudad-de-monterrey/?jobid=20876927,6,1,110,128,4,
135,2025-12-05,https://www.occ.com.mx/empleos/de-data-scientist/en-nuevo-leon/en-la-ciudad-de-monterrey/?jobid=20838200,6,1,111,129,4,
136,2025-12-05,https://www.occ.com.mx/empleos/de-data-scientist/en-nuevo-leon/en-la-ciudad-de-monterrey/?jobid=20880945,6,1,112,130,4,
137,2025-12-05,https://www.occ.com.mx/empleos/de-data-scientist/en-nuevo-leon/en-la-ciudad-de-monterrey/?jobid=20849968,6,1,113,131,4,
138,2025-12-05,https://www.linkedin.com/jobs/collections/top-applicant/?currentJobId=4346823683&origin=FREEMIUM_TAJ_IN_APP_NOTIFICATION,1,1,114,132,4,
139,2025-12-05,https://www.linkedin.com/jobs/collections/top-applicant/?currentJobId=4345697987&origin=FREEMIUM_TAJ_IN_APP_NOTIFICATION,1,1,115,133,4,
141,2026-01-07,https://jobs.lever.co/mcgovern/11b279bb-76df-4a7d-accb-4f6073c7bd4d/thanks,2,14,116,134,5,
142,2026-01-07,https://jobs.lever.co/mcgovern/1bf64f87-7cf5-4fef-97cb-04813474b2d7,2,14,117,135,5,
143,2026-01-07,https://torre.ai/post/Odve3q7w-agerpoint-general-interest?utm_source=web&utm_medium=srh_jobs&utm_campaign=dft&utm_term=dcf1svyet&utm_content=card&t=1767823088933&r=G4LYVWZE,2,14,118,136,5,
144,2026-01-07,https://www.occ.com.mx/empleos/de-data-scientist/en-nuevo-leon/en-la-ciudad-de-monterrey/?jobid=20897830,6,14,47,137,5,
145,2026-01-07,https://www.occ.com.mx/empleos/de-data-scientist/en-nuevo-leon/en-la-ciudad-de-monterrey/?jobid=20906541,6,14,119,138,5,
146,2026-01-07,"https://www.glassdoor.com.mx/job-listing/analista-de-mis-analista-bi-servicios-multiples-especializados-arrgon-sc-JV_KO0,27_KE28,72.htm?jl=1009918418854&cs=1_7e3da767&s=269&t=NS&pos=102&src=GD_JOB_AD&guid=0000019b9a979fa6a9e43fa9c20cae1d&uido=A6C9677A21DE3AF98CE6FF54EB8626F6&jobListingId=1009918418854&ea=1&ao=1136043&vt=w&cb=1767825186886&ctt=1767825192779",4,14,120,139,5,
147,2026-01-08,https://mx.computrabajo.com/empresas/ofertas-de-trabajo-de-sigma-alimentos-corporativo-sa-de-cv-1CDE06E04868C476,3,15,121,140,5,
148,2026-01-08,https://mx.indeed.com/viewjob?from=app-tracker-post_apply-appcard&hl=es&jk=d2c6d9c7fed1e075&tk=1jedapf3bgins800,5,15,122,141,5,
149,2026-01-08,https://www.linkedin.com/jobs/search/?currentJobId=4344454583&keywords=data%20scientist&origin=BLENDED_SEARCH_RESULT_NAVIGATION_JOB_CARD&originToLandingJobPostings=4344454583%2C4330596001%2C4345697987,1,15,123,142,5,
150,2026-01-08,https://www.linkedin.com/jobs/view/4351345463/?eBP=CwEAAAGboQyQRsC8xPrsX0pEjK2lCjuFQGCMDQaBFy55EP-yJdQbjTfesQ97A-pwcp_Eo-67xihjW4lTKN5dUYyuo2SsrziK3ZOIj-iLq1d_CG92GIop15-HqsjxOM25pZRSF7dPsoJ-eEWdyMi-ssNXZEOuAu-MK_2brH4Nw0ImaY0T7P6x8PnDs8oYUhKKP4cKypumD_1p7nZWJpo2izvhf1FEIyzvjg-Tg95KvnJuYY31iMGF56NhBctxu7wWSAEsMCYD6eqTT7oiokyDPfPrtTgVyhumFb9ZSyFNvi6x4wzAHZe4fb9RLiXz3bFkZHPke_oAVB9vSfZGTCLvGLurR69CTFjX9YSMXPREoA1-fykDJwMswC1QksyYQu1AIgFEfO6VnkuHkjAalcsZLt0tlHjOBJkyXWktWqwpGogzO2pyfEoV4IazpTVpqQSq1tErxhqaQCE-HPpBEKm8pMC8bKP-04jy1aPA9AB5i1w2XKXIljPKWa0D3jFAKrmS5rvs2XsCqBUwQa0prd2TEOXEoiddgTo7LA&refId=PQHJnClWB4ZxrqfTcPOBgw%3D%3D&trackingId=xp%2FH8Pa2ZJepdhK4SATTpw%3D%3D&trk=flagship3_search_srp_jobs&lipi=urn%3Ali%3Apage%3Ad_flagship3_search_srp_jobs%3B3yGnENXIRxauAy4msAyzQQ%3D%3D&lici=xp%2FH8Pa2ZJepdhK4SATTpw%3D%3D,1,15,47,143,5,
151,2026-01-08,https://www.linkedin.com/jobs/view/4343277795/?alternateChannel=search&eBP=CwEAAAGboSD_wZuMaVuzt3rdVycQMhGvXLyLx8MCvxl1rc7GzsRgOTSlZPS5KtmG5V0RhVK3ydjDsBIXrZtChezbyRskrJTFYput2ElQkp9EWvBs_BuUDJritTM35Iyp2nA8BbJr0kjOIyWqftUSFnCAYc9VGEqgT9Ny1k4QHJjz4yigQgJfFFGJ0AZfWGiKn2Vk1EAN_M7ritrosy8J8zv_QlGYOqiR9zKBzoAonETECrR103D4yExiP8aMORalYLhYKFGZtYGd4QMUYYzxwAYVYhPpabnYvg7TqQrL5OZOhc-eepN0oXhS35OR9haAiIb0krBgorUznt0wyMSbLGKM5M6KG6LeT2jv7eY7yDV_V-hHW5zdFeLNEidf_Kw5NRAvvWynly3sSlzxRgA6rxjmQCUT7WujqvJn3OvaVQgEsSsdK1eku91j06uP5Idf317NDh6I9pdebz9VPIfhuMSQE0sZxkPVbVIBW5cVqXw&refId=Ko%2Fun7yAmY%2Bq41jXMcrmIw%3D%3D&trackingId=LEWgg9sfWVzbgsxFtZPYIw%3D%3D&trk=d_flagship3_postapply_default_confirmation&lipi=urn%3Ali%3Apage%3Ad_flagship3_search_srp_jobs%3BN0gPOHTeS6KZjPzOYKatlg%3D%3D,1,15,124,144,5,
152,2026-01-11,https://app.usebraintrust.com/jobs/16373,2,16,79,145,5,
153,2026-01-11,https://torre.ai/post/PW9Okg1d,2,16,125,146,5,
154,2026-01-14,https://www.glassdoor.com.mx/partner/jobListing.htm?pos=113&ao=1136043&s=58&guid=0000019bbe4b5123a9fc7caa08f61334&src=GD_JOB_AD&t=NS&vt=w&uido=A6C9677A21DE3AF98CE6FF54EB8626F6&ea=1&cs=1_404900aa&cb=1768424165912&jobListingId=1009985644520,4,17,126,147,5,
155,2026-01-14,https://www.glassdoor.com.mx/partner/jobListing.htm?pos=108&ao=1136043&s=58&guid=0000019bbe56328da0701a6a7a7097e2&src=GD_JOB_AD&t=NS&vt=w&uido=A6C9677A21DE3AF98CE6FF54EB8626F6&ea=1&cs=1_96667ca6&cb=1768424879046&jobListingId=1009985461876,4,17,127,148,5,
156,2026-01-14,https://www.glassdoor.com.mx/partner/jobListing.htm?pos=104&ao=1136043&s=58&guid=0000019bbe56328da0701a6a7a7097e2&src=GD_JOB_AD&t=NS&vt=w&uido=A6C9677A21DE3AF98CE6FF54EB8626F6&ea=1&cs=1_988205b3&cb=1768424879046&jobListingId=1009993493475,4,17,128,149,5,
157,2026-01-14,https://www.glassdoor.com.mx/partner/jobListing.htm?pos=102&ao=1136043&s=58&guid=0000019bbe6268c892b822f3d0cfd9ca&src=GD_JOB_AD&t=NS&vt=w&uido=A6C9677A21DE3AF98CE6FF54EB8626F6&ea=1&cs=1_149ba71a&cb=1768425679326&jobListingId=1009935187193,4,17,129,150,5,
158,2026-01-14,https://hireline.io/mx/empleos/junior-etl-developer-remoto/113016,2,17,130,151,5,
159,2026-01-15,https://www.glassdoor.com.mx/partner/jobListing.htm?pos=106&ao=1136043&s=58&guid=0000019bc28db6cfab703be89b93fb34&src=GD_JOB_AD&t=NS&vt=w&uido=A6C9677A21DE3AF98CE6FF54EB8626F6&ea=1&cs=1_9010aad6&cb=1768495626303&jobListingId=1009985571482,4,18,131,152,5,
160,2026-01-15,https://www.glassdoor.com.mx/partner/jobListing.htm?pos=106&ao=1136043&s=58&guid=0000019bc28db6cfab703be89b93fb34&src=GD_JOB_AD&t=NS&vt=w&uido=A6C9677A21DE3AF98CE6FF54EB8626F6&ea=1&cs=1_9010aad6&cb=1768495626303&jobListingId=1009985571482,4,18,132,153,5,
161,2026-01-15,https://www.glassdoor.com.mx/partner/jobListing.htm?pos=116&ao=1136043&s=58&guid=0000019bc2992ff8ad646094b1801ffa&src=GD_JOB_AD&t=NS&vt=w&uido=A6C9677A21DE3AF98CE6FF54EB8626F6&ea=1&cs=1_fa395c36&cb=1768496378369&jobListingId=1009996509572,4,18,133,154,5,
162,2026-01-15,https://careers.femsa.com/FemsaSalud/job/Monterrey-ANALISTA-REPLENISHMENT-%28ABASTO%29/1329220062/,2,18,134,155,5,
163,2026-01-15,https://careers.femsa.com/OXXO/job/Monterrey%2C-Nuevo-Le%C3%B3n%2C-M%C3%A9xico-ANALISTA-OPERACI%C3%93N-PLANOGRAMAS/1328468562/,2,18,135,156,5,
164,2026-01-15,https://www.linkedin.com/jobs/view/4346232213/?eBP=JOBS_AUCTION_SERVICE_FAILED&refId=1jnV%2BQx1g37K1MVPAAhHwQ%3D%3D&trackingId=f06c9i%2Fws0TIY15HZRET1w%3D%3D&trk=flagship3_jobs_discovery_jymbii&lipi=urn%3Ali%3Apage%3Ad_flagship3_jobs_discovery_jymbii%3Bo8eLsC7oR9%2B9TVbGoIai5Q%3D%3D&lici=f06c9i%2Fws0TIY15HZRET1w%3D%3D,1,18,94,157,5,
165,2026-01-15,https://job-boards.greenhouse.io/launchpadtechnologiesinc/jobs/4619191006?gh_src=68a768c26us,2,18,136,158,5,
166,2026-01-15,https://career19.sapsf.com/portalcareer?company=centrodese&correlation_Id=5871273019&lang=es_MX&clientId=jobs2web&socialApply=false&career_ns=&site=&jobPipeline=RCM+Redirect&navBarLevel=MY_PROFILE&isInternalUser=false&showAlertCreated=false&_s.crb=vpWq%252bohJ80pAxnY67kUERmoZf%252b9v8xH%252fxKDltzPCWxw%253d,2,18,137,159,5,
167,2026-01-15,https://growrk.factorialhr.com/job_posting/purchases-analyst-jr-277405,2,18,138,160,5,
168,2026-01-16,https://www.linkedin.com/jobs/view/4360726988,1,19,139,161,5,
169,2026-01-19,https://mx.indeed.com/rc/clk?jk=dd9bdbe32f3d3479&from=hp&tk=1jfc2sd21gnri805&bb=yBgDgmHME_1-7P41yJ7DP4p2Rg4YOb6_N9D6ppD3hCkkF1iYO_t0SNU4pfi5SwjoyQLq_tDozaSAMw5DqYYY5U-GPj9A9SbMYzIPLt74of_7YNhs2_x2KTFueV1oUwHLLpK75s4-878%3D&xkcb=SoDV67M3osN-dGy6A50PbzkdCdPP,5,20,140,162,5,
170,2026-01-19,https://mx.indeed.com/rc/clk?jk=dee53954eb622ffe&from=hp&tk=1jfc3apfjg1j5800&bb=5zKGJLQZGJQb8A9hTd1RLh1KMbN-xjGR7WvhPDBAQUtH4yP2yuOtJSBwKDSVAVkFY2Yda4fufF7wbeBuWh3M-dr4FpL_3uOA5vIDjA7f7N5MvbQlron_mjqYpMvycCOPM5VuC01wrQbFbhIWifmnEw%3D%3D&xkcb=SoDs67M3osOk5zyWiB0KbzkdCdPP,5,20,141,163,5,
171,2026-01-19,https://mx.indeed.com/rc/clk?jk=36d04f065a4d85b4&from=hp&tk=1jfc406vkgnja800&bb=8GxNxjcpEaYwheLIrgLaAYK9lg6DXdHvTx4FbjstMGFxoIVDNnArp6Xi-LF1EXQNK2Iw26uv5-qO1_TmC_rft0cDRHbpEIJEbZLKYiWBW085u6h_iRMAL7m5-Vkmbrl5o31Wm-DqVks%3D&xkcb=SoCc67M3osAPMPy6j50LbzkdCdPP,5,20,142,164,5,
172,2026-01-20,https://www.glassdoor.com.mx/partner/jobListing.htm?pos=103&ao=1136043&s=58&guid=0000019bd9e75ecb92c70b31bf466401&src=GD_JOB_AD&t=SR&vt=w&uido=A6C9677A21DE3AF98CE6FF54EB8626F6&ea=1&cs=1_7fa56baf&cb=1768887378012&jobListingId=1009888442682&jrtk=5-yul1-0-1jfcuenplj0ot801-9650d41a7490599a,4,21,143,165,5,
173,2026-01-20,https://www.linkedin.com/jobs/view/4360836619/?trk=flagship3_job_home_savedjobs&refId=a45c69e0-956c-47d0-afe2-7d72a50a588b&trackingId=mRTI1sgAS8eHFLg4h2zvTQ%3D%3D,1,21,144,166,5,
174,2026-01-20,https://www.linkedin.com/jobs/view/4312877556/?trk=flagship3_job_home_savedjobs&refId=a45c69e0-956c-47d0-afe2-7d72a50a588b&trackingId=V8xWFXtYREO24id1IwPw7w%3D%3D,1,21,75,167,5,
175,2026-01-22,,1,22,145,168,5,
176,2026-01-23,https://jobs.thermofisher.com/global/en/job/R-01330643/Argus-Database-Programmer-Analyst,2,23,39,169,5,
177,2026-01-23,https://mx.indeed.com/rc/clk?jk=290262b9a0fb756d&bb=xuwbVVlpCpqmVq0ucmU5c3C_HGviE4ymUDVGSPdje4XgAKyMuSIV93FTzPe9aynTTlyGPJw3-KIaI5ZHrtdfR3TtiDTbuiDahC8tO_WrzOvx8wORj81UHs5lM4sSJMlLW7yDNR8OFDfMZmKseLRblg%3D%3D&xkcb=SoBL67M3o5UhXjAREL0KbzkdCdPP&fccid=fb75933edd65f432&vjs=3,5,23,126,170,5,
178,2026-01-23,https://mx.indeed.com/rc/clk?jk=9c6e32e475fe28a0&bb=kF4s4TtQM_zy58i3k_lFEN_a4B5rsFPBFA3Z4LTninvYxWkub-zYMHJZ628g2jaUMOYH1htEMHdYL8jnRdXlQ2chiFDrOKqUvNUhiaqgjqcAg8d6N_kxMSFpFhfrM5ha2kFsh4jGXAwBuAEBYuTVLFkMWFBk03kz&xkcb=SoBD67M3o7iA9oy7SB0LbzkdCdPP&fccid=12e17ece3aa8f9b9&vjs=3,5,23,146,171,5,
